Timestamp,Orbit Mean Density (kg/m^3)
2009-10-29 09:57:40,4.014073430173179e-12
2009-10-29 10:07:40,3.988265073306005e-12
2009-10-29 10:17:40,3.994746296925227e-12
2009-10-29 10:27:40,4.01054685676509e-12
2009-10-29 10:37:40,4.042880673500127e-12
2009-10-29 10:47:40,4.098086688166487e-12
2009-10-29 10:57:40,4.129220286071854e-12
2009-10-29 11:07:40,4.148250186925872e-12
2009-10-29 11:17:40,4.178035867054962e-12
2009-10-29 11:27:40,4.176020503139523e-12
2009-10-29 11:37:40,4.1756131526380846e-12
2009-10-29 11:47:40,4.16488156621149e-12
2009-10-29 11:57:40,4.176122555990264e-12
2009-10-29 12:07:40,4.178539270334548e-12
2009-10-29 12:17:40,4.189698994960087e-12
2009-10-29 12:27:40,4.185075672051048e-12
2009-10-29 12:37:40,4.179130468369577e-12
2009-10-29 12:47:40,4.205025508134933e-12
2009-10-29 12:57:40,4.223892250097668e-12
2009-10-29 13:07:40,4.254772584931037e-12
2009-10-29 13:17:40,4.270139858213965e-12
2009-10-29 13:27:40,4.280884826836467e-12
2009-10-29 13:37:40,4.2829441869883394e-12
2009-10-29 13:47:40,4.267209522249963e-12
2009-10-29 13:57:40,4.25576755986245e-12
2009-10-29 14:07:40,4.287993115770257e-12
2009-10-29 14:17:40,4.292913344765645e-12
2009-10-29 14:27:40,4.289039277100115e-12
2009-10-29 14:37:40,4.30091249807404e-12
2009-10-29 14:47:40,4.314324686291846e-12
2009-10-29 14:57:40,4.296890434428501e-12
2009-10-29 15:07:40,4.276030311806578e-12
2009-10-29 15:17:40,4.236143616736469e-12
2009-10-29 15:27:40,4.19607251984844e-12
2009-10-29 15:37:40,4.171593584560767e-12
2009-10-29 15:47:40,4.155646538108789e-12
2009-10-29 15:57:40,4.133201309903663e-12
2009-10-29 16:07:40,4.137257721279463e-12
2009-10-29 16:17:40,4.179913025967777e-12
2009-10-29 16:27:40,4.213202430333708e-12
2009-10-29 16:37:40,4.2067881194301444e-12
2009-10-29 16:47:40,4.176933675440325e-12
2009-10-29 16:57:40,4.212324748026934e-12
2009-10-29 17:07:40,4.251096417312138e-12
2009-10-29 17:17:40,4.250310735962625e-12
2009-10-29 17:27:40,4.249088881681877e-12
2009-10-29 17:37:40,4.278016570524012e-12
2009-10-29 17:47:40,4.308935923991281e-12
2009-10-29 17:57:40,4.339647565278161e-12
2009-10-29 18:07:40,4.361112080762415e-12
2009-10-29 18:17:40,4.3616166237411396e-12
2009-10-29 18:27:40,4.374335572887686e-12
2009-10-29 18:37:40,4.357717509954437e-12
2009-10-29 18:47:40,4.413520978512317e-12
2009-10-29 18:57:40,4.433034905825071e-12
2009-10-29 19:07:40,4.44751966919344e-12
2009-10-29 19:17:40,4.444484720579446e-12
2009-10-29 19:27:40,4.430927396679736e-12
2009-10-29 19:37:40,4.426558723454869e-12
2009-10-29 19:47:40,4.423526382236211e-12
2009-10-29 19:57:40,4.414337239179827e-12
2009-10-29 20:07:40,4.412477022419011e-12
2009-10-29 20:17:40,4.431739128546598e-12
2009-10-29 20:27:40,4.4610659300070016e-12
2009-10-29 20:37:40,4.467881478410113e-12
2009-10-29 20:47:40,4.49379161624464e-12
2009-10-29 20:57:40,4.494701264485658e-12
2009-10-29 21:07:40,4.49221278377924e-12
2009-10-29 21:17:40,4.5049050893487394e-12
2009-10-29 21:27:40,4.523001627288326e-12
2009-10-29 21:37:40,4.5597138549080596e-12
2009-10-29 21:47:40,4.588671757100474e-12
2009-10-29 21:57:40,4.615309269764868e-12
2009-10-29 22:07:40,4.58751501061449e-12
2009-10-29 22:17:40,4.542354749272357e-12
2009-10-29 22:27:40,4.55688395263894e-12
2009-10-29 22:37:40,4.593479300220949e-12
2009-10-29 22:47:40,4.624104775554994e-12
2009-10-29 22:57:40,4.683766810052096e-12
2009-10-29 23:07:40,4.7346638983376095e-12
2009-10-29 23:17:40,4.759451960140462e-12
2009-10-29 23:27:40,4.754200573007757e-12
2009-10-29 23:37:40,4.7469414359432376e-12
2009-10-29 23:47:40,4.799489248811923e-12
2009-10-29 23:57:40,4.827161893856274e-12
2009-10-30 00:07:40,4.837908117081387e-12
2009-10-30 00:17:40,4.852247009041599e-12
2009-10-30 00:27:40,4.890190266128554e-12
2009-10-30 00:37:40,4.940387786828279e-12
2009-10-30 00:47:40,4.958223887618388e-12
2009-10-30 00:57:40,4.994074390691911e-12
2009-10-30 01:07:40,5.027021475729277e-12
2009-10-30 01:17:40,5.0779062354202276e-12
2009-10-30 01:27:40,5.112381065737525e-12
2009-10-30 01:37:40,5.096775859549505e-12
2009-10-30 01:47:40,5.145599208568677e-12
2009-10-30 01:57:40,5.185265448610497e-12
2009-10-30 02:07:40,5.281417949518004e-12
2009-10-30 02:17:40,5.351809002606648e-12
2009-10-30 02:27:40,5.349228401121533e-12
2009-10-30 02:37:40,5.341758984591345e-12
2009-10-30 02:47:40,5.346889957568048e-12
2009-10-30 02:57:40,5.357179941866992e-12
2009-10-30 03:07:40,5.333358259752045e-12
2009-10-30 03:17:40,5.304272656280231e-12
2009-10-30 03:27:40,5.288628852026053e-12
2009-10-30 03:37:40,5.286407332527315e-12
2009-10-30 03:47:40,5.311179135514106e-12
2009-10-30 03:57:40,5.370246061952291e-12
2009-10-30 04:07:40,5.390682014334483e-12
2009-10-30 04:17:40,5.402583474777201e-12
2009-10-30 04:27:40,5.387672579337341e-12
2009-10-30 04:37:40,5.398269495196635e-12
2009-10-30 04:47:40,5.361020251269928e-12
2009-10-30 04:57:40,5.344982258599668e-12
2009-10-30 05:07:40,5.34522056598366e-12
2009-10-30 05:17:40,5.340675683457109e-12
2009-10-30 05:27:40,5.313438587087836e-12
2009-10-30 05:37:40,5.374248096245787e-12
2009-10-30 05:47:40,5.4065864182549005e-12
2009-10-30 05:57:40,5.451071968700715e-12
2009-10-30 06:07:40,5.429386427189294e-12
2009-10-30 06:17:40,5.381783921982943e-12
2009-10-30 06:27:40,5.338933234591e-12
2009-10-30 06:37:40,5.274754850823153e-12
2009-10-30 06:47:40,5.231959743596276e-12
2009-10-30 06:57:40,5.250110838770688e-12
2009-10-30 07:07:40,5.248393230169077e-12
2009-10-30 07:17:40,5.2359626873959495e-12
2009-10-30 07:27:40,5.177282267439639e-12
2009-10-30 07:37:40,5.188368174994949e-12
2009-10-30 07:47:40,5.243754724619519e-12
2009-10-30 07:57:40,5.199486508247888e-12
2009-10-30 08:07:40,5.155426435398257e-12
2009-10-30 08:17:40,5.182095717205791e-12
2009-10-30 08:27:40,5.189441622482857e-12
2009-10-30 08:37:40,5.235477587658817e-12
2009-10-30 08:47:40,5.256154236547771e-12
2009-10-30 08:57:40,5.288121648914229e-12
2009-10-30 09:07:40,5.300869336329422e-12
2009-10-30 09:17:40,5.3191160612098145e-12
2009-10-30 09:27:40,5.369024652589515e-12
2009-10-30 09:37:40,5.350230065562481e-12
2009-10-30 09:47:40,5.323084254422608e-12
2009-10-30 09:57:40,5.329131583604314e-12
2009-10-30 10:07:40,5.273476223248473e-12
2009-10-30 10:17:40,5.228800894762972e-12
2009-10-30 10:27:40,5.225306831411803e-12
2009-10-30 10:37:40,5.253379954074617e-12
2009-10-30 10:47:40,5.258559841458071e-12
2009-10-30 10:57:40,5.229086627830096e-12
2009-10-30 11:07:40,5.272564254398387e-12
2009-10-30 11:17:40,5.305887362504177e-12
2009-10-30 11:27:40,5.292030920817473e-12
2009-10-30 11:37:40,5.241606143289143e-12
2009-10-30 11:47:40,5.226387560408486e-12
2009-10-30 11:57:40,5.18626561542223e-12
2009-10-30 12:07:40,5.172192440150322e-12
2009-10-30 12:17:40,5.197039212297997e-12
2009-10-30 12:27:40,5.1993731861741394e-12
2009-10-30 12:37:40,5.1752255194111455e-12
2009-10-30 12:47:40,5.138004169711639e-12
2009-10-30 12:57:40,5.109923202761097e-12
2009-10-30 13:07:40,5.129476331660681e-12
2009-10-30 13:17:40,5.162281293540489e-12
2009-10-30 13:27:40,5.117637315035307e-12
2009-10-30 13:37:40,5.081887275946184e-12
2009-10-30 13:47:40,5.069601272589699e-12
2009-10-30 13:57:40,5.058931088300474e-12
2009-10-30 14:07:40,5.046747636563528e-12
2009-10-30 14:17:40,5.0434699708703526e-12
2009-10-30 14:27:40,5.055996767752214e-12
2009-10-30 14:37:40,5.064484613478476e-12
2009-10-30 14:47:40,5.068418675988164e-12
2009-10-30 14:57:40,5.051381102031265e-12
2009-10-30 15:07:40,5.033945503873521e-12
2009-10-30 15:17:40,5.0216939048400426e-12
2009-10-30 15:27:40,5.029116914936974e-12
2009-10-30 15:37:40,5.029808724060785e-12
2009-10-30 15:47:40,5.017730217744671e-12
2009-10-30 15:57:40,5.011407612027278e-12
2009-10-30 16:07:40,5.003953944580102e-12
2009-10-30 16:17:40,4.928082180379322e-12
2009-10-30 16:27:40,5.000978331391319e-12
2009-10-30 16:37:40,5.032027583204376e-12
2009-10-30 16:47:40,5.017892258451934e-12
2009-10-30 16:57:40,5.007660020034009e-12
2009-10-30 17:07:40,5.008579389310735e-12
2009-10-30 17:17:40,5.008545735734224e-12
2009-10-30 17:27:40,4.969288544298478e-12
2009-10-30 17:37:40,4.955101793914584e-12
2009-10-30 17:47:40,4.982933523588402e-12
2009-10-30 17:57:40,4.9887241677184266e-12
2009-10-30 18:07:40,4.9795740903937115e-12
2009-10-30 18:17:40,4.956579790040737e-12
2009-10-30 18:27:40,4.930520980207002e-12
2009-10-30 18:37:40,4.912023106076101e-12
2009-10-30 18:47:40,4.924506535837693e-12
2009-10-30 18:57:40,4.888157415539966e-12
2009-10-30 19:07:40,4.831842862150791e-12
2009-10-30 19:17:40,4.845870739313463e-12
2009-10-30 19:27:40,4.827988639917775e-12
2009-10-30 19:37:40,4.814308734714216e-12
2009-10-30 19:47:40,4.794842871796856e-12
2009-10-30 19:57:40,4.762685650963002e-12
2009-10-30 20:07:40,4.772802397193012e-12
2009-10-30 20:17:40,4.742650613818104e-12
2009-10-30 20:27:40,4.722720745142504e-12
2009-10-30 20:37:40,4.713903904380383e-12
2009-10-30 20:47:40,4.699282498987725e-12
2009-10-30 20:57:40,4.67863590130025e-12
2009-10-30 21:07:40,4.67288262084646e-12
2009-10-30 21:17:40,4.682978546919417e-12
2009-10-30 21:27:40,4.677084367403238e-12
2009-10-30 21:37:40,4.653613017288267e-12
2009-10-30 21:47:40,4.633865355587372e-12
2009-10-30 21:57:40,4.649076561175218e-12
2009-10-30 22:07:40,4.667440465446202e-12
2009-10-30 22:17:40,4.644821454427681e-12
2009-10-30 22:27:40,4.632278363735207e-12
2009-10-30 22:37:40,4.649549054923308e-12
2009-10-30 22:47:40,4.6525505235292215e-12
2009-10-30 22:57:40,4.668665200811274e-12
2009-10-30 23:07:40,4.668982903730449e-12
2009-10-30 23:17:40,4.634542153552435e-12
2009-10-30 23:27:40,4.6415584628571794e-12
2009-10-30 23:37:40,4.6717333070450914e-12
2009-10-30 23:47:40,4.654548800878801e-12
2009-10-30 23:57:40,4.646968054923569e-12
2009-10-31 00:07:40,4.635983792769446e-12
2009-10-31 00:17:40,4.6340739250884935e-12
2009-10-31 00:27:40,4.6288523307308334e-12
2009-10-31 00:37:40,4.610235308659165e-12
2009-10-31 00:47:40,4.626329081150852e-12
2009-10-31 00:57:40,4.633904294566931e-12
2009-10-31 01:07:40,4.642953540740891e-12
2009-10-31 01:17:40,4.6339139106794335e-12
2009-10-31 01:27:40,4.62314718574284e-12
2009-10-31 01:37:40,4.617947321242983e-12
2009-10-31 01:47:40,4.601947713306529e-12
2009-10-31 01:57:40,4.598857323116317e-12
2009-10-31 02:07:40,4.563969765977421e-12
2009-10-31 02:17:40,4.517127349486777e-12
2009-10-31 02:27:40,4.509909593926085e-12
2009-10-31 02:37:40,4.48605990758462e-12
2009-10-31 02:47:40,4.457812195049551e-12
2009-10-31 02:57:40,4.440479310368255e-12
2009-10-31 03:07:40,4.4529160583942964e-12
2009-10-31 03:17:40,4.463189767633071e-12
2009-10-31 03:27:40,4.457098675137149e-12
2009-10-31 03:37:40,4.445942504626536e-12
2009-10-31 03:47:40,4.459551641271985e-12
2009-10-31 03:57:40,4.460016298594937e-12
2009-10-31 04:07:40,4.429533329154788e-12
2009-10-31 04:17:40,4.393169365932423e-12
2009-10-31 04:27:40,4.374113418209064e-12
2009-10-31 04:37:40,4.386289818226527e-12
2009-10-31 04:47:40,4.4103673170240996e-12
2009-10-31 04:57:40,4.4017011206650166e-12
2009-10-31 05:07:40,4.3990248717154346e-12
2009-10-31 05:17:40,4.412456889280704e-12
2009-10-31 05:27:40,4.435367662239505e-12
2009-10-31 05:37:40,4.428527017995087e-12
2009-10-31 05:47:40,4.427702734619318e-12
2009-10-31 05:57:40,4.43773902452488e-12
2009-10-31 06:07:40,4.417176279886881e-12
2009-10-31 06:17:40,4.386252382415273e-12
2009-10-31 06:27:40,4.369383829823616e-12
2009-10-31 06:37:40,4.344022541719957e-12
2009-10-31 06:47:40,4.308768524249941e-12
2009-10-31 06:57:40,4.285387159169346e-12
2009-10-31 07:07:40,4.290117139740939e-12
2009-10-31 07:17:40,4.287044145421635e-12
2009-10-31 07:27:40,4.255008361265189e-12
2009-10-31 07:37:40,4.1560929186117326e-12
2009-10-31 07:47:40,4.109505153092266e-12
2009-10-31 07:57:40,4.1033952809956896e-12
2009-10-31 08:07:40,4.1019995568902495e-12
2009-10-31 08:17:40,4.0616562929257016e-12
2009-10-31 08:27:40,4.068748573064659e-12
2009-10-31 08:37:40,4.0780594663945386e-12
2009-10-31 08:47:40,4.089419884457859e-12
2009-10-31 08:57:40,4.072803541777194e-12
2009-10-31 09:07:40,4.053588716616072e-12
2009-10-31 09:17:40,4.057263437675663e-12
2009-10-31 09:27:40,4.0604366914686305e-12
2009-10-31 09:37:40,4.066119422079592e-12
2009-10-31 09:47:40,4.049315170684241e-12
2009-10-31 09:57:40,4.023982619475956e-12
2009-10-31 10:07:40,4.01903331466886e-12
2009-10-31 10:17:40,4.034536791325072e-12
2009-10-31 10:27:40,4.039191024154439e-12
2009-10-31 10:37:40,4.0302279568057516e-12
2009-10-31 10:47:40,4.036360027445337e-12
2009-10-31 10:57:40,4.0450452758517926e-12
2009-10-31 11:07:40,4.040645455236962e-12
2009-10-31 11:17:40,4.047933192527332e-12
2009-10-31 11:27:40,4.035926242711655e-12
2009-10-31 11:37:40,4.030018894814111e-12
2009-10-31 11:47:40,4.0339661792103096e-12
2009-10-31 11:57:40,4.037090288977155e-12
2009-10-31 12:07:40,4.0641579658342745e-12
2009-10-31 12:17:40,4.072203333608967e-12
2009-10-31 12:27:40,4.0820693395833576e-12
2009-10-31 12:37:40,4.077915416468467e-12
2009-10-31 12:47:40,4.04338615136987e-12
2009-10-31 12:57:40,4.031431903470949e-12
2009-10-31 13:07:40,4.031524157145325e-12
2009-10-31 13:17:40,4.026252586406881e-12
2009-10-31 13:27:40,4.032932952287127e-12
2009-10-31 13:37:40,4.027047314785494e-12
2009-10-31 13:47:40,4.027937753715334e-12
2009-10-31 13:57:40,4.00183644124705e-12
2009-10-31 14:07:40,3.994078071306435e-12
2009-10-31 14:17:40,3.973040324426683e-12
2009-10-31 14:27:40,3.9689038517659256e-12
2009-10-31 14:37:40,3.963422114266721e-12
2009-10-31 14:47:40,3.959858227685746e-12
2009-10-31 14:57:40,3.95240799819298e-12
2009-10-31 15:07:40,3.963057880572089e-12
2009-10-31 15:17:40,3.953898824606731e-12
2009-10-31 15:27:40,3.948848490128272e-12
2009-10-31 15:37:40,3.938361804853132e-12
2009-10-31 15:47:40,3.926489139923352e-12
2009-10-31 15:57:40,3.914472223171404e-12
2009-10-31 16:07:40,3.907124191697973e-12
2009-10-31 16:17:40,3.9022168005998595e-12
2009-10-31 16:27:40,3.9023276431121545e-12
2009-10-31 16:37:40,3.946160159030291e-12
2009-10-31 16:47:40,3.974476967462542e-12
2009-10-31 16:57:40,3.991135768644487e-12
2009-10-31 17:07:40,3.976694617393148e-12
2009-10-31 17:17:40,4.007964390484437e-12
2009-10-31 17:27:40,3.983034882444004e-12
2009-10-31 17:37:40,3.952229016270614e-12
2009-10-31 17:47:40,3.93295860487433e-12
2009-10-31 17:57:40,3.943447590514869e-12
2009-10-31 18:07:40,3.9432892689430574e-12
2009-10-31 18:17:40,3.934560717188806e-12
2009-10-31 18:27:40,3.947256729267954e-12
2009-10-31 18:37:40,3.956493497186979e-12
2009-10-31 18:47:40,3.934681608207264e-12
2009-10-31 18:57:40,3.968031537263718e-12
2009-10-31 19:07:40,3.9741876149566936e-12
2009-10-31 19:17:40,3.977301278547044e-12
2009-10-31 19:27:40,3.988852187009518e-12
2009-10-31 19:37:40,3.97831175131794e-12
2009-10-31 19:47:40,3.96652318481355e-12
2009-10-31 19:57:40,3.9470365382432974e-12
2009-10-31 20:07:40,3.934898594112678e-12
2009-10-31 20:17:40,3.922337689554394e-12
2009-10-31 20:27:40,3.899950911160053e-12
2009-10-31 20:37:40,3.932354217559547e-12
2009-10-31 20:47:40,3.966078190679893e-12
2009-10-31 20:57:40,3.966905101001375e-12
2009-10-31 21:07:40,3.959258736905829e-12
2009-10-31 21:17:40,3.957695706515372e-12
2009-10-31 21:27:40,3.9797299026696014e-12
2009-10-31 21:37:40,4.0008071808506176e-12
2009-10-31 21:47:40,4.013626742690013e-12
2009-10-31 21:57:40,4.042656592564126e-12
2009-10-31 22:07:40,4.082117778716474e-12
2009-10-31 22:17:40,4.124495101033888e-12
2009-10-31 22:27:40,4.135768816086191e-12
2009-10-31 22:37:40,4.109408633752591e-12
2009-10-31 22:47:40,4.139063289311339e-12
2009-10-31 22:57:40,4.143650842494403e-12
2009-10-31 23:07:40,4.139753839726173e-12
2009-10-31 23:17:40,4.162287795831089e-12
2009-10-31 23:27:40,4.177829430769033e-12
2009-10-31 23:37:40,4.1660798543570946e-12
2009-10-31 23:47:40,4.161117321850968e-12
2009-10-31 23:57:40,4.1637837136606576e-12
2009-11-01 00:07:40,4.1757053862195066e-12
2009-11-01 00:17:40,4.1692101542178415e-12
2009-11-01 00:27:40,4.165147626811648e-12
2009-11-01 00:37:40,4.161594955903952e-12
2009-11-01 00:47:40,4.161623085352663e-12
2009-11-01 00:57:40,4.2145963737552335e-12
2009-11-01 01:07:40,4.263112283209598e-12
2009-11-01 01:17:40,4.271163568736268e-12
2009-11-01 01:27:40,4.2752968502662055e-12
2009-11-01 01:37:40,4.252150101829492e-12
2009-11-01 01:47:40,4.247291454662479e-12
2009-11-01 01:57:40,4.2326984651358646e-12
2009-11-01 02:07:40,4.211032556739427e-12
2009-11-01 02:17:40,4.200291084415841e-12
2009-11-01 02:27:40,4.1775087613973445e-12
2009-11-01 02:37:40,4.174030041176017e-12
2009-11-01 02:47:40,4.157434542082026e-12
2009-11-01 02:57:40,4.146425753100409e-12
2009-11-01 03:07:40,4.146738765682556e-12
2009-11-01 03:17:40,4.1600244042847346e-12
2009-11-01 03:27:40,4.180472127645169e-12
2009-11-01 03:37:40,4.174207431920426e-12
2009-11-01 03:47:40,4.149373952493218e-12
2009-11-01 03:57:40,4.107716649762169e-12
2009-11-01 04:07:40,4.100073053214874e-12
2009-11-01 04:17:40,4.098614735375693e-12
2009-11-01 04:27:40,4.071557476351108e-12
2009-11-01 04:37:40,4.055327434190646e-12
2009-11-01 04:47:40,4.103779140930181e-12
2009-11-01 04:57:40,4.126517669759423e-12
2009-11-01 05:07:40,4.136943401636712e-12
2009-11-01 05:17:40,4.137645787765764e-12
2009-11-01 05:27:40,4.114438258070215e-12
2009-11-01 05:37:40,4.083305988533849e-12
2009-11-01 05:47:40,4.062017827212404e-12
2009-11-01 05:57:40,4.064105714915006e-12
2009-11-01 06:07:40,4.084260331987368e-12
2009-11-01 06:17:40,4.068520029510628e-12
2009-11-01 06:27:40,4.0358256432322244e-12
2009-11-01 06:37:40,4.035618149794749e-12
2009-11-01 06:47:40,4.021135261648377e-12
2009-11-01 06:57:40,3.964909027985603e-12
2009-11-01 07:07:40,3.9237227176861374e-12
2009-11-01 07:17:40,3.909037930496484e-12
2009-11-01 07:27:40,3.899672739699844e-12
2009-11-01 07:37:40,3.911177127161614e-12
2009-11-01 07:47:40,3.840794922118367e-12
2009-11-01 07:57:40,3.817870679546903e-12
2009-11-01 08:07:40,3.807832614569343e-12
2009-11-01 08:17:40,3.81385175614156e-12
2009-11-01 08:27:40,3.776288107081172e-12
2009-11-01 08:37:40,3.751470709224101e-12
2009-11-01 08:47:40,3.7649469575881e-12
2009-11-01 08:57:40,3.779895288338114e-12
2009-11-01 09:07:40,3.790805137170563e-12
2009-11-01 09:17:40,3.7936438082184786e-12
2009-11-01 09:27:40,3.821722615459197e-12
2009-11-01 09:37:40,3.835769258939785e-12
2009-11-01 09:47:40,3.827103244227614e-12
