Timestamp,Orbit Mean Density (kg/m^3)
2005-01-31 22:18:40,9.99e+32
2005-01-31 22:28:40,9.99e+32
2005-01-31 22:38:40,9.99e+32
2005-01-31 22:48:40,9.99e+32
2005-01-31 22:58:40,9.99e+32
2005-01-31 23:08:40,9.99e+32
2005-01-31 23:18:40,9.99e+32
2005-01-31 23:28:40,9.99e+32
2005-01-31 23:38:40,9.99e+32
2005-01-31 23:48:40,9.99e+32
2005-01-31 23:58:40,9.99e+32
2005-02-01 00:08:40,9.99e+32
2005-02-01 00:18:40,9.99e+32
2005-02-01 00:28:40,9.99e+32
2005-02-01 00:38:40,9.99e+32
2005-02-01 00:48:40,9.99e+32
2005-02-01 00:58:40,9.99e+32
2005-02-01 01:08:40,9.99e+32
2005-02-01 01:18:40,9.99e+32
2005-02-01 01:28:40,9.99e+32
2005-02-01 01:38:40,9.99e+32
2005-02-01 01:48:40,9.99e+32
2005-02-01 01:58:40,9.99e+32
2005-02-01 02:08:40,9.99e+32
2005-02-01 02:18:40,9.99e+32
2005-02-01 02:28:40,9.99e+32
2005-02-01 02:38:40,9.99e+32
2005-02-01 02:48:40,9.99e+32
2005-02-01 02:58:40,9.99e+32
2005-02-01 03:08:40,9.99e+32
2005-02-01 03:18:40,9.99e+32
2005-02-01 03:28:40,9.99e+32
2005-02-01 03:38:40,9.99e+32
2005-02-01 03:48:40,9.99e+32
2005-02-01 03:58:40,9.99e+32
2005-02-01 04:08:40,9.99e+32
2005-02-01 04:18:40,9.99e+32
2005-02-01 04:28:40,9.99e+32
2005-02-01 04:38:40,9.99e+32
2005-02-01 04:48:40,9.99e+32
2005-02-01 04:58:40,9.99e+32
2005-02-01 05:08:40,9.99e+32
2005-02-01 05:18:40,9.99e+32
2005-02-01 05:28:40,9.99e+32
2005-02-01 05:38:40,9.99e+32
2005-02-01 05:48:40,9.99e+32
2005-02-01 05:58:40,9.99e+32
2005-02-01 06:08:40,9.99e+32
2005-02-01 06:18:40,9.99e+32
2005-02-01 06:28:40,9.99e+32
2005-02-01 06:38:40,9.99e+32
2005-02-01 06:48:40,9.99e+32
2005-02-01 06:58:40,9.99e+32
2005-02-01 07:08:40,9.99e+32
2005-02-01 07:18:40,9.99e+32
2005-02-01 07:28:40,9.99e+32
2005-02-01 07:38:40,9.99e+32
2005-02-01 07:48:40,9.99e+32
2005-02-01 07:58:40,9.99e+32
2005-02-01 08:08:40,9.99e+32
2005-02-01 08:18:40,9.99e+32
2005-02-01 08:28:40,9.99e+32
2005-02-01 08:38:40,9.99e+32
2005-02-01 08:48:40,9.99e+32
2005-02-01 08:58:40,9.99e+32
2005-02-01 09:08:40,9.99e+32
2005-02-01 09:18:40,9.99e+32
2005-02-01 09:28:40,9.99e+32
2005-02-01 09:38:40,9.99e+32
2005-02-01 09:48:40,9.99e+32
2005-02-01 09:58:40,9.99e+32
2005-02-01 10:08:40,9.99e+32
2005-02-01 10:18:40,9.99e+32
2005-02-01 10:28:40,9.99e+32
2005-02-01 10:38:40,9.99e+32
2005-02-01 10:48:40,9.99e+32
2005-02-01 10:58:40,9.99e+32
2005-02-01 11:08:40,9.99e+32
2005-02-01 11:18:40,9.99e+32
2005-02-01 11:28:40,9.99e+32
2005-02-01 11:38:40,9.99e+32
2005-02-01 11:48:40,9.99e+32
2005-02-01 11:58:40,9.99e+32
2005-02-01 12:08:40,9.99e+32
2005-02-01 12:18:40,9.99e+32
2005-02-01 12:28:40,9.99e+32
2005-02-01 12:38:40,9.99e+32
2005-02-01 12:48:40,9.99e+32
2005-02-01 12:58:40,9.99e+32
2005-02-01 13:08:40,9.99e+32
2005-02-01 13:18:40,9.99e+32
2005-02-01 13:28:40,9.99e+32
2005-02-01 13:38:40,9.99e+32
2005-02-01 13:48:40,9.99e+32
2005-02-01 13:58:40,9.99e+32
2005-02-01 14:08:40,9.99e+32
2005-02-01 14:18:40,9.99e+32
2005-02-01 14:28:40,9.99e+32
2005-02-01 14:38:40,9.99e+32
2005-02-01 14:48:40,9.99e+32
2005-02-01 14:58:40,9.99e+32
2005-02-01 15:08:40,9.99e+32
2005-02-01 15:18:40,9.99e+32
2005-02-01 15:28:40,9.99e+32
2005-02-01 15:38:40,9.99e+32
2005-02-01 15:48:40,9.99e+32
2005-02-01 15:58:40,9.99e+32
2005-02-01 16:08:40,9.99e+32
2005-02-01 16:18:40,9.99e+32
2005-02-01 16:28:40,9.99e+32
2005-02-01 16:38:40,9.99e+32
2005-02-01 16:48:40,9.99e+32
2005-02-01 16:58:40,9.99e+32
2005-02-01 17:08:40,9.99e+32
2005-02-01 17:18:40,9.99e+32
2005-02-01 17:28:40,9.99e+32
2005-02-01 17:38:40,9.99e+32
2005-02-01 17:48:40,9.99e+32
2005-02-01 17:58:40,9.99e+32
2005-02-01 18:08:40,9.99e+32
2005-02-01 18:18:40,9.99e+32
2005-02-01 18:28:40,9.99e+32
2005-02-01 18:38:40,9.99e+32
2005-02-01 18:48:40,9.99e+32
2005-02-01 18:58:40,9.99e+32
2005-02-01 19:08:40,9.99e+32
2005-02-01 19:18:40,9.99e+32
2005-02-01 19:28:40,9.99e+32
2005-02-01 19:38:40,9.99e+32
2005-02-01 19:48:40,9.99e+32
2005-02-01 19:58:40,9.99e+32
2005-02-01 20:08:40,9.99e+32
2005-02-01 20:18:40,9.99e+32
2005-02-01 20:28:40,9.99e+32
2005-02-01 20:38:40,9.99e+32
2005-02-01 20:48:40,9.99e+32
2005-02-01 20:58:40,9.99e+32
2005-02-01 21:08:40,9.99e+32
2005-02-01 21:18:40,9.99e+32
2005-02-01 21:28:40,9.99e+32
2005-02-01 21:38:40,9.99e+32
2005-02-01 21:48:40,9.99e+32
2005-02-01 21:58:40,9.99e+32
2005-02-01 22:08:40,9.99e+32
2005-02-01 22:18:40,9.99e+32
2005-02-01 22:28:40,9.99e+32
2005-02-01 22:38:40,9.99e+32
2005-02-01 22:48:40,9.99e+32
2005-02-01 22:58:40,9.99e+32
2005-02-01 23:08:40,9.99e+32
2005-02-01 23:18:40,9.99e+32
2005-02-01 23:28:40,9.99e+32
2005-02-01 23:38:40,9.99e+32
2005-02-01 23:48:40,9.99e+32
2005-02-01 23:58:40,9.99e+32
2005-02-02 00:08:40,9.99e+32
2005-02-02 00:18:40,9.99e+32
2005-02-02 00:28:40,9.99e+32
2005-02-02 00:38:40,9.99e+32
2005-02-02 00:48:40,9.99e+32
2005-02-02 00:58:40,9.99e+32
2005-02-02 01:08:40,9.99e+32
2005-02-02 01:18:40,9.99e+32
2005-02-02 01:28:40,9.99e+32
2005-02-02 01:38:40,9.99e+32
2005-02-02 01:48:40,9.99e+32
2005-02-02 01:58:40,9.99e+32
2005-02-02 02:08:40,9.99e+32
2005-02-02 02:18:40,9.99e+32
2005-02-02 02:28:40,9.99e+32
2005-02-02 02:38:40,9.99e+32
2005-02-02 02:48:40,9.99e+32
2005-02-02 02:58:40,9.99e+32
2005-02-02 03:08:40,9.99e+32
2005-02-02 03:18:40,9.99e+32
2005-02-02 03:28:40,9.99e+32
2005-02-02 03:38:40,9.99e+32
2005-02-02 03:48:40,9.99e+32
2005-02-02 03:58:40,9.99e+32
2005-02-02 04:08:40,9.99e+32
2005-02-02 04:18:40,9.99e+32
2005-02-02 04:28:40,9.99e+32
2005-02-02 04:38:40,9.99e+32
2005-02-02 04:48:40,9.99e+32
2005-02-02 04:58:40,9.99e+32
2005-02-02 05:08:40,9.99e+32
2005-02-02 05:18:40,9.99e+32
2005-02-02 05:28:40,9.99e+32
2005-02-02 05:38:40,9.99e+32
2005-02-02 05:48:40,9.99e+32
2005-02-02 05:58:40,9.99e+32
2005-02-02 06:08:40,9.99e+32
2005-02-02 06:18:40,9.99e+32
2005-02-02 06:28:40,9.99e+32
2005-02-02 06:38:40,9.99e+32
2005-02-02 06:48:40,9.99e+32
2005-02-02 06:58:40,9.99e+32
2005-02-02 07:08:40,9.99e+32
2005-02-02 07:18:40,9.99e+32
2005-02-02 07:28:40,9.99e+32
2005-02-02 07:38:40,9.99e+32
2005-02-02 07:48:40,9.99e+32
2005-02-02 07:58:40,9.99e+32
2005-02-02 08:08:40,9.99e+32
2005-02-02 08:18:40,9.99e+32
2005-02-02 08:28:40,9.99e+32
2005-02-02 08:38:40,9.99e+32
2005-02-02 08:48:40,1.6577934936914432e-12
2005-02-02 08:58:40,1.6761491503198564e-12
2005-02-02 09:08:40,1.6670581993690005e-12
2005-02-02 09:18:40,1.644513544405122e-12
2005-02-02 09:28:40,1.656602148636154e-12
2005-02-02 09:38:40,1.649743971318731e-12
2005-02-02 09:48:40,1.6466598612640545e-12
2005-02-02 09:58:40,1.650144373367615e-12
2005-02-02 10:08:40,1.6601995742343778e-12
2005-02-02 10:18:40,1.643029582498458e-12
2005-02-02 10:28:40,1.6222126109927744e-12
2005-02-02 10:38:40,1.6312189447607258e-12
2005-02-02 10:48:40,1.6234843623755868e-12
2005-02-02 10:58:40,1.612413856560149e-12
2005-02-02 11:08:40,1.5953704592869185e-12
2005-02-02 11:18:40,1.569766679328505e-12
2005-02-02 11:28:40,1.5581018915941638e-12
2005-02-02 11:38:40,1.5791331707781269e-12
2005-02-02 11:48:40,1.5693111499335945e-12
2005-02-02 11:58:40,1.5900085124615508e-12
2005-02-02 12:08:40,1.589278812362231e-12
2005-02-02 12:18:40,1.6047682649072992e-12
2005-02-02 12:28:40,1.6261252343559113e-12
2005-02-02 12:38:40,1.6355834290176677e-12
2005-02-02 12:48:40,1.6458759165821988e-12
2005-02-02 12:58:40,1.6385774434238501e-12
2005-02-02 13:08:40,1.6452338749779544e-12
2005-02-02 13:18:40,1.640401883719407e-12
2005-02-02 13:28:40,1.6464398689065354e-12
2005-02-02 13:38:40,1.6373272630007966e-12
2005-02-02 13:48:40,1.6288793995262639e-12
2005-02-02 13:58:40,1.6186647674578268e-12
2005-02-02 14:08:40,1.6191943471359745e-12
2005-02-02 14:18:40,1.6206860137302253e-12
2005-02-02 14:28:40,1.6231322621127824e-12
2005-02-02 14:38:40,1.5995241633827473e-12
2005-02-02 14:48:40,1.6243665742464432e-12
2005-02-02 14:58:40,1.635450834249256e-12
2005-02-02 15:08:40,1.6551924686262724e-12
2005-02-02 15:18:40,1.6605893946818973e-12
2005-02-02 15:28:40,1.6552434733104877e-12
2005-02-02 15:38:40,1.6451342467530597e-12
2005-02-02 15:48:40,1.656052645546241e-12
2005-02-02 15:58:40,1.6587621084597594e-12
2005-02-02 16:08:40,1.6476958608130802e-12
2005-02-02 16:18:40,1.6379796765278905e-12
2005-02-02 16:28:40,1.6368829424660465e-12
2005-02-02 16:38:40,1.642817827947347e-12
2005-02-02 16:48:40,1.6236985735334748e-12
2005-02-02 16:58:40,1.621971724724944e-12
2005-02-02 17:08:40,1.622949090799796e-12
2005-02-02 17:18:40,1.6116721883894209e-12
2005-02-02 17:28:40,1.6220560854121685e-12
2005-02-02 17:38:40,1.621323124644596e-12
2005-02-02 17:48:40,1.6346489967207105e-12
2005-02-02 17:58:40,1.6273373657236328e-12
2005-02-02 18:08:40,1.6287440635930046e-12
2005-02-02 18:18:40,1.6261344128096909e-12
2005-02-02 18:28:40,1.6174970044081842e-12
2005-02-02 18:38:40,1.6166601939487673e-12
2005-02-02 18:48:40,1.6062594040055273e-12
2005-02-02 18:58:40,1.605501948847917e-12
2005-02-02 19:08:40,1.6202178422197941e-12
2005-02-02 19:18:40,1.6434633567024606e-12
2005-02-02 19:28:40,1.6373889239047092e-12
2005-02-02 19:38:40,1.6406604281786465e-12
2005-02-02 19:48:40,1.635939336388169e-12
2005-02-02 19:58:40,1.623286747924192e-12
2005-02-02 20:08:40,1.5959268659851056e-12
2005-02-02 20:18:40,1.5931213303809694e-12
2005-02-02 20:28:40,1.579386958075866e-12
2005-02-02 20:38:40,1.584035996879139e-12
2005-02-02 20:48:40,1.5710499107703241e-12
2005-02-02 20:58:40,1.5763140028058201e-12
2005-02-02 21:08:40,1.5518139061698488e-12
2005-02-02 21:18:40,1.5128092767754776e-12
2005-02-02 21:28:40,1.5083124097873977e-12
2005-02-02 21:38:40,1.5152755272071625e-12
2005-02-02 21:48:40,1.498979459710674e-12
2005-02-02 21:58:40,1.5025755693651008e-12
2005-02-02 22:08:40,1.5044540059490456e-12
2005-02-02 22:18:40,1.5261702532683957e-12
2005-02-02 22:28:40,1.5411374267072646e-12
2005-02-02 22:38:40,1.54220311948163e-12
2005-02-02 22:48:40,1.5694937099010649e-12
2005-02-02 22:58:40,1.5801875906133097e-12
2005-02-02 23:08:40,1.5998219528374973e-12
2005-02-02 23:18:40,1.6089695906626277e-12
2005-02-02 23:28:40,1.6125366349797846e-12
2005-02-02 23:38:40,1.6380265626733564e-12
2005-02-02 23:48:40,1.675961034700282e-12
2005-02-02 23:58:40,1.6869758804174405e-12
2005-02-03 00:08:40,1.7028060964744099e-12
2005-02-03 00:18:40,1.6963008757253956e-12
2005-02-03 00:28:40,1.7074636607173397e-12
2005-02-03 00:38:40,1.686102694547003e-12
2005-02-03 00:48:40,1.6866055091196572e-12
2005-02-03 00:58:40,1.7007029655149014e-12
2005-02-03 01:08:40,1.7109849997564449e-12
2005-02-03 01:18:40,1.6883098857322397e-12
2005-02-03 01:28:40,1.6782743354180284e-12
2005-02-03 01:38:40,1.6885198035209373e-12
2005-02-03 01:48:40,1.696910175081237e-12
2005-02-03 01:58:40,1.7043081108951825e-12
2005-02-03 02:08:40,1.7067997312388862e-12
2005-02-03 02:18:40,1.7117998652404913e-12
2005-02-03 02:28:40,1.7085014706673882e-12
2005-02-03 02:38:40,1.7031610312085917e-12
2005-02-03 02:48:40,1.6693360309356225e-12
2005-02-03 02:58:40,1.6399569461195969e-12
2005-02-03 03:08:40,1.6379022502652534e-12
2005-02-03 03:18:40,1.6375717068721396e-12
2005-02-03 03:28:40,1.6369335434290117e-12
2005-02-03 03:38:40,1.6381949182383225e-12
2005-02-03 03:48:40,1.6394459567070966e-12
2005-02-03 03:58:40,1.6343528907124262e-12
2005-02-03 04:08:40,1.634707079130414e-12
2005-02-03 04:18:40,1.6485682501503422e-12
2005-02-03 04:28:40,1.673021508622303e-12
2005-02-03 04:38:40,1.6669823218568609e-12
2005-02-03 04:48:40,1.6730467491312721e-12
2005-02-03 04:58:40,1.6753992017824888e-12
2005-02-03 05:08:40,1.683184755309123e-12
2005-02-03 05:18:40,1.6983022434403766e-12
2005-02-03 05:28:40,1.7047392490119229e-12
2005-02-03 05:38:40,1.677146921470608e-12
2005-02-03 05:48:40,1.6827276677999097e-12
2005-02-03 05:58:40,1.686368436751883e-12
2005-02-03 06:08:40,1.6557041688241509e-12
2005-02-03 06:18:40,1.6431192326109233e-12
2005-02-03 06:28:40,1.621619545299631e-12
2005-02-03 06:38:40,1.6281067883325874e-12
2005-02-03 06:48:40,1.6314509540555408e-12
2005-02-03 06:58:40,1.6301902043034526e-12
2005-02-03 07:08:40,1.652233571160871e-12
2005-02-03 07:18:40,1.6404003378470505e-12
2005-02-03 07:28:40,1.6407206449772857e-12
2005-02-03 07:38:40,1.6622794112601965e-12
2005-02-03 07:48:40,1.6648402090505633e-12
2005-02-03 07:58:40,1.6725086597101409e-12
2005-02-03 08:08:40,1.6671107541272334e-12
2005-02-03 08:18:40,1.6668796642134116e-12
2005-02-03 08:28:40,1.6599590556982477e-12
2005-02-03 08:38:40,1.66070307441843e-12
2005-02-03 08:48:40,1.6758037729149404e-12
2005-02-03 08:58:40,1.6399067880361493e-12
2005-02-03 09:08:40,1.6531861972143416e-12
2005-02-03 09:18:40,1.6610381391450719e-12
2005-02-03 09:28:40,1.6708898059227298e-12
2005-02-03 09:38:40,1.7072326917931085e-12
2005-02-03 09:48:40,1.6960933509822976e-12
2005-02-03 09:58:40,1.7299072178164597e-12
2005-02-03 10:08:40,1.7414243231685845e-12
2005-02-03 10:18:40,1.7309964308515477e-12
2005-02-03 10:28:40,1.7413062908302698e-12
2005-02-03 10:38:40,1.753025897748804e-12
2005-02-03 10:48:40,1.7582960106282777e-12
2005-02-03 10:58:40,1.7925144008754284e-12
2005-02-03 11:08:40,1.7783877955101777e-12
2005-02-03 11:18:40,1.8072688220440937e-12
2005-02-03 11:28:40,1.8116590604200726e-12
2005-02-03 11:38:40,1.824075275185211e-12
2005-02-03 11:48:40,1.814730347679696e-12
2005-02-03 11:58:40,1.791787135982006e-12
2005-02-03 12:08:40,1.7823317475805968e-12
2005-02-03 12:18:40,1.776404413623517e-12
2005-02-03 12:28:40,1.7794926443543926e-12
2005-02-03 12:38:40,1.761960444621595e-12
2005-02-03 12:48:40,1.7414882020617237e-12
2005-02-03 12:58:40,1.7361559654266529e-12
2005-02-03 13:08:40,1.7211904837580225e-12
2005-02-03 13:18:40,1.7054914713325181e-12
2005-02-03 13:28:40,1.7028070098354832e-12
2005-02-03 13:38:40,1.704934618855552e-12
2005-02-03 13:48:40,1.70668896859911e-12
2005-02-03 13:58:40,1.7094156244681838e-12
2005-02-03 14:08:40,1.7276806282711145e-12
2005-02-03 14:18:40,1.7529305891623586e-12
2005-02-03 14:28:40,1.7325091203037113e-12
2005-02-03 14:38:40,1.7227460057304801e-12
2005-02-03 14:48:40,1.7208715729365649e-12
2005-02-03 14:58:40,1.720043332026785e-12
2005-02-03 15:08:40,1.7084966448546732e-12
2005-02-03 15:18:40,1.7123923407602474e-12
2005-02-03 15:28:40,1.693702353049116e-12
2005-02-03 15:38:40,1.6962503688529381e-12
2005-02-03 15:48:40,1.6946399046607581e-12
2005-02-03 15:58:40,1.7253652350909128e-12
2005-02-03 16:08:40,1.7305714309626854e-12
2005-02-03 16:18:40,1.7438795388735556e-12
2005-02-03 16:28:40,1.7499141243764822e-12
2005-02-03 16:38:40,1.7387303932894325e-12
2005-02-03 16:48:40,1.735909380375653e-12
2005-02-03 16:58:40,1.7320310447148184e-12
2005-02-03 17:08:40,1.7323635663523317e-12
2005-02-03 17:18:40,1.7014474511878224e-12
2005-02-03 17:28:40,1.6760229016818698e-12
2005-02-03 17:38:40,1.6759990555828229e-12
2005-02-03 17:48:40,1.6713566890472413e-12
2005-02-03 17:58:40,1.6756156746556342e-12
2005-02-03 18:08:40,1.6887389501666185e-12
2005-02-03 18:18:40,1.693197930501463e-12
2005-02-03 18:28:40,1.691509045583729e-12
2005-02-03 18:38:40,1.671964883879953e-12
2005-02-03 18:48:40,1.6581893626452452e-12
2005-02-03 18:58:40,1.6313282316033805e-12
2005-02-03 19:08:40,1.6159287454056065e-12
2005-02-03 19:18:40,1.595235396813116e-12
2005-02-03 19:28:40,1.5882470227353906e-12
2005-02-03 19:38:40,1.599350581170614e-12
2005-02-03 19:48:40,1.6102543617802313e-12
2005-02-03 19:58:40,1.6081144748025062e-12
2005-02-03 20:08:40,1.5884462549593137e-12
2005-02-03 20:18:40,1.5787718949970301e-12
2005-02-03 20:28:40,1.5776686851433462e-12
2005-02-03 20:38:40,1.5583962178843358e-12
2005-02-03 20:48:40,1.5477865682580544e-12
2005-02-03 20:58:40,1.5643925507347624e-12
2005-02-03 21:08:40,1.5560839404956073e-12
2005-02-03 21:18:40,1.5328610961963356e-12
2005-02-03 21:28:40,1.5298123906786553e-12
2005-02-03 21:38:40,1.5323554333983532e-12
2005-02-03 21:48:40,1.5350277823366365e-12
2005-02-03 21:58:40,1.5375605392401017e-12
2005-02-03 22:08:40,1.5415334508967356e-12
