Timestamp,Orbit Mean Density (kg/m^3)
2019-10-26 21:37:20,9.227641418990351e-14
2019-10-26 21:47:20,9.245141944549458e-14
2019-10-26 21:57:20,9.395341931461505e-14
2019-10-26 22:07:20,9.574515643294501e-14
2019-10-26 22:17:20,9.586613205724217e-14
2019-10-26 22:27:20,9.481304888640996e-14
2019-10-26 22:37:20,9.534741234346243e-14
2019-10-26 22:47:20,9.54556214003546e-14
2019-10-26 22:57:20,9.483101974984558e-14
2019-10-26 23:07:20,9.533672518537108e-14
2019-10-26 23:17:20,9.46117315780371e-14
2019-10-26 23:27:20,9.37987538500158e-14
2019-10-26 23:37:20,9.269985268381499e-14
2019-10-26 23:47:20,9.15852001631246e-14
2019-10-26 23:57:20,9.099699258615152e-14
2019-10-27 00:07:20,8.971435707293642e-14
2019-10-27 00:17:20,9.022491191286172e-14
2019-10-27 00:27:20,9.081259493423245e-14
2019-10-27 00:37:20,8.992929127021892e-14
2019-10-27 00:47:20,9.11063719066753e-14
2019-10-27 00:57:20,9.392709159771497e-14
2019-10-27 01:07:20,9.43371808397165e-14
2019-10-27 01:17:20,9.26107940693604e-14
2019-10-27 01:27:20,9.096013893389061e-14
2019-10-27 01:37:20,9.11387821255474e-14
2019-10-27 01:47:20,9.152200990410087e-14
2019-10-27 01:57:20,9.079161954943001e-14
2019-10-27 02:07:20,9.00548361232746e-14
2019-10-27 02:17:20,8.998057949089878e-14
2019-10-27 02:27:20,9.011628035051281e-14
2019-10-27 02:37:20,8.864925038769198e-14
2019-10-27 02:47:20,9.052288381629439e-14
2019-10-27 02:57:20,9.333445326914121e-14
2019-10-27 03:07:20,9.436647215564801e-14
2019-10-27 03:17:20,9.318540300335529e-14
2019-10-27 03:27:20,9.237896971327003e-14
2019-10-27 03:37:20,9.173484529185394e-14
2019-10-27 03:47:20,9.138991449430569e-14
2019-10-27 03:57:20,9.127516078381431e-14
2019-10-27 04:07:20,9.089030834839567e-14
2019-10-27 04:17:20,8.921675907372624e-14
2019-10-27 04:27:20,8.824052924566404e-14
2019-10-27 04:37:20,8.822850175248286e-14
2019-10-27 04:47:20,9.00516460268871e-14
2019-10-27 04:57:20,8.95197685252483e-14
2019-10-27 05:07:20,9.059985386717309e-14
2019-10-27 05:17:20,9.170593921805821e-14
2019-10-27 05:27:20,9.119052282076997e-14
2019-10-27 05:37:20,8.901524937426323e-14
2019-10-27 05:47:20,8.797883289670069e-14
2019-10-27 05:57:20,8.74987805821824e-14
2019-10-27 06:07:20,8.656649998164312e-14
2019-10-27 06:17:20,8.593291986914491e-14
2019-10-27 06:27:20,8.46065618464246e-14
2019-10-27 06:37:20,8.361274558618758e-14
2019-10-27 06:47:20,8.380130660139053e-14
2019-10-27 06:57:20,8.407886286366492e-14
2019-10-27 07:07:20,8.312762658292684e-14
2019-10-27 07:17:20,8.423090350425346e-14
2019-10-27 07:27:20,8.415419636467916e-14
2019-10-27 07:37:20,8.324488608792026e-14
2019-10-27 07:47:20,8.198578946980826e-14
2019-10-27 07:57:20,8.126919373559785e-14
2019-10-27 08:07:20,8.031319022862636e-14
2019-10-27 08:17:20,7.93375440476962e-14
2019-10-27 08:27:20,7.930219132383499e-14
2019-10-27 08:37:20,7.805185762732263e-14
2019-10-27 08:47:20,7.708589866284643e-14
2019-10-27 08:57:20,7.548660697137918e-14
2019-10-27 09:07:20,7.4846532076203e-14
2019-10-27 09:17:20,7.421960973949217e-14
2019-10-27 09:27:20,7.375267770621785e-14
2019-10-27 09:37:20,7.381282656375114e-14
2019-10-27 09:47:20,7.399045693614746e-14
2019-10-27 09:57:20,7.296691362325668e-14
2019-10-27 10:07:20,7.288696469599998e-14
2019-10-27 10:17:20,7.418283965222033e-14
2019-10-27 10:27:20,7.39905502845094e-14
2019-10-27 10:37:20,7.367876022357887e-14
2019-10-27 10:47:20,7.311876404053787e-14
2019-10-27 10:57:20,7.349586001456653e-14
2019-10-27 11:07:20,7.473493365946107e-14
2019-10-27 11:17:20,7.562766277280186e-14
2019-10-27 11:27:20,7.465713572041494e-14
2019-10-27 11:37:20,7.425567050054792e-14
2019-10-27 11:47:20,7.409846219980859e-14
2019-10-27 11:57:20,7.52040526026632e-14
2019-10-27 12:07:20,7.441253740437454e-14
2019-10-27 12:17:20,7.366348565691888e-14
2019-10-27 12:27:20,7.470438167912486e-14
2019-10-27 12:37:20,7.49861005031103e-14
2019-10-27 12:47:20,7.404102851811543e-14
2019-10-27 12:57:20,7.386823183622978e-14
2019-10-27 13:07:20,7.335687877290651e-14
2019-10-27 13:17:20,7.280512428983429e-14
2019-10-27 13:27:20,7.174790796490255e-14
2019-10-27 13:37:20,7.127963079989563e-14
2019-10-27 13:47:20,7.167817051890959e-14
2019-10-27 13:57:20,7.127396009431858e-14
2019-10-27 14:07:20,7.092939405228386e-14
2019-10-27 14:17:20,7.052767292588884e-14
2019-10-27 14:27:20,7.012892756026243e-14
2019-10-27 14:37:20,7.119132224291102e-14
2019-10-27 14:47:20,7.215794954848479e-14
2019-10-27 14:57:20,7.19579288906241e-14
2019-10-27 15:07:20,7.118852213385369e-14
2019-10-27 15:17:20,7.071059405549003e-14
2019-10-27 15:27:20,7.077209688123775e-14
2019-10-27 15:37:20,7.057223498294146e-14
2019-10-27 15:47:20,6.905189586986663e-14
2019-10-27 15:57:20,6.855310379573972e-14
2019-10-27 16:07:20,6.731607172308069e-14
2019-10-27 16:17:20,6.595560984584601e-14
2019-10-27 16:27:20,6.588755440163752e-14
2019-10-27 16:37:20,6.678040524379577e-14
2019-10-27 16:47:20,6.713672935622519e-14
2019-10-27 16:57:20,6.654189939888857e-14
2019-10-27 17:07:20,6.628970073236997e-14
2019-10-27 17:17:20,6.776683186400973e-14
2019-10-27 17:27:20,6.835394072288774e-14
2019-10-27 17:37:20,6.753065007185e-14
2019-10-27 17:47:20,6.668558004379961e-14
2019-10-27 17:57:20,6.661716740344539e-14
2019-10-27 18:07:20,6.647573631426513e-14
2019-10-27 18:17:20,6.744007289743338e-14
2019-10-27 18:27:20,6.75253675234863e-14
2019-10-27 18:37:20,6.678433443869981e-14
2019-10-27 18:47:20,6.653803065475507e-14
2019-10-27 18:57:20,6.68061239272002e-14
2019-10-27 19:07:20,6.798989914884564e-14
2019-10-27 19:17:20,6.90042161169338e-14
2019-10-27 19:27:20,7.030947526427478e-14
2019-10-27 19:37:20,7.037916531986437e-14
2019-10-27 19:47:20,6.998511420603283e-14
2019-10-27 19:57:20,6.973296550100209e-14
2019-10-27 20:07:20,7.065009462807404e-14
2019-10-27 20:17:20,7.101187122549083e-14
2019-10-27 20:27:20,6.9874859174652e-14
2019-10-27 20:37:20,6.817390099173454e-14
2019-10-27 20:47:20,6.756666322919042e-14
2019-10-27 20:57:20,6.708406343925364e-14
2019-10-27 21:07:20,6.691922623194104e-14
2019-10-27 21:17:20,6.685951113089753e-14
2019-10-27 21:27:20,6.731353510243035e-14
2019-10-27 21:37:20,6.807433478369216e-14
2019-10-27 21:47:20,6.937920818860698e-14
2019-10-27 21:57:20,6.942327504541172e-14
2019-10-27 22:07:20,6.965925381481375e-14
2019-10-27 22:17:20,6.910473627291775e-14
2019-10-27 22:27:20,6.938713329333101e-14
2019-10-27 22:37:20,6.949696942753405e-14
2019-10-27 22:47:20,6.900082832614169e-14
2019-10-27 22:57:20,6.718561397662568e-14
2019-10-27 23:07:20,6.61372626849204e-14
2019-10-27 23:17:20,6.385078160864495e-14
2019-10-27 23:27:20,6.259134530798926e-14
2019-10-27 23:37:20,6.26540029328444e-14
2019-10-27 23:47:20,6.266934915195253e-14
2019-10-27 23:57:20,6.328614777759021e-14
2019-10-28 00:07:20,6.369792021970409e-14
2019-10-28 00:17:20,6.41833917351067e-14
2019-10-28 00:27:20,6.476145753150569e-14
2019-10-28 00:37:20,6.513679237253794e-14
2019-10-28 00:47:20,6.443494815619114e-14
2019-10-28 00:57:20,6.32355210504461e-14
2019-10-28 01:07:20,6.201468477486889e-14
2019-10-28 01:17:20,6.336711740469734e-14
2019-10-28 01:27:20,6.468817259224332e-14
2019-10-28 01:37:20,6.46659027913031e-14
2019-10-28 01:47:20,6.437609596289349e-14
2019-10-28 01:57:20,6.485384306796268e-14
2019-10-28 02:07:20,6.459728241330314e-14
2019-10-28 02:17:20,6.388117946323602e-14
2019-10-28 02:27:20,6.462659948076615e-14
2019-10-28 02:37:20,6.705327743205047e-14
2019-10-28 02:47:20,6.680492414897916e-14
2019-10-28 02:57:20,6.573062795319118e-14
2019-10-28 03:07:20,6.441401726688312e-14
2019-10-28 03:17:20,6.316514254210693e-14
2019-10-28 03:27:20,6.28113734756663e-14
2019-10-28 03:37:20,6.240411870633648e-14
2019-10-28 03:47:20,6.257295711275823e-14
2019-10-28 03:57:20,6.303730682082678e-14
2019-10-28 04:07:20,6.335548936101667e-14
2019-10-28 04:17:20,6.318978493808777e-14
2019-10-28 04:27:20,6.182268370578775e-14
2019-10-28 04:37:20,6.128460953483044e-14
2019-10-28 04:47:20,6.204953673641841e-14
2019-10-28 04:57:20,6.229116596816075e-14
2019-10-28 05:07:20,6.257331381885911e-14
2019-10-28 05:17:20,6.251807552366982e-14
2019-10-28 05:27:20,6.20115601058476e-14
2019-10-28 05:37:20,6.161687381199361e-14
2019-10-28 05:47:20,6.099420198067927e-14
2019-10-28 05:57:20,6.202004822710726e-14
2019-10-28 06:07:20,6.302202830541686e-14
2019-10-28 06:17:20,6.330640209858867e-14
2019-10-28 06:27:20,6.327761028011312e-14
2019-10-28 06:37:20,6.380172777435688e-14
2019-10-28 06:47:20,6.384544887552167e-14
2019-10-28 06:57:20,6.415720179925975e-14
2019-10-28 07:07:20,6.481949819789829e-14
2019-10-28 07:17:20,6.420732057460843e-14
2019-10-28 07:27:20,6.41869706206442e-14
2019-10-28 07:37:20,6.323166211583202e-14
2019-10-28 07:47:20,6.185883378804091e-14
2019-10-28 07:57:20,6.17864025867797e-14
2019-10-28 08:07:20,6.22979078097237e-14
2019-10-28 08:17:20,6.143615115419298e-14
2019-10-28 08:27:20,6.149599401927897e-14
2019-10-28 08:37:20,6.152779922338269e-14
2019-10-28 08:47:20,6.160453568229714e-14
2019-10-28 08:57:20,6.130860801705024e-14
2019-10-28 09:07:20,6.229934926034969e-14
2019-10-28 09:17:20,6.317709210280975e-14
2019-10-28 09:27:20,6.377208603646124e-14
2019-10-28 09:37:20,6.310395999977673e-14
2019-10-28 09:47:20,6.296830779487045e-14
2019-10-28 09:57:20,6.377761056043018e-14
2019-10-28 10:07:20,6.34850810705816e-14
2019-10-28 10:17:20,6.378337734831835e-14
2019-10-28 10:27:20,6.312739152410173e-14
2019-10-28 10:37:20,6.472368552082551e-14
2019-10-28 10:47:20,6.639732707389802e-14
2019-10-28 10:57:20,6.688400173522554e-14
2019-10-28 11:07:20,6.682443786024205e-14
2019-10-28 11:17:20,6.664576756245897e-14
2019-10-28 11:27:20,6.646871972357768e-14
2019-10-28 11:37:20,6.674304791091353e-14
2019-10-28 11:47:20,6.534383847459444e-14
2019-10-28 11:57:20,6.453190306382389e-14
2019-10-28 12:07:20,6.434136401367569e-14
2019-10-28 12:17:20,6.279875404377035e-14
2019-10-28 12:27:20,6.228478984486116e-14
2019-10-28 12:37:20,6.116256100831294e-14
2019-10-28 12:47:20,6.077976176072243e-14
2019-10-28 12:57:20,6.079660102455087e-14
2019-10-28 13:07:20,6.124806262747498e-14
2019-10-28 13:17:20,6.103419951302091e-14
2019-10-28 13:27:20,6.18526256295191e-14
2019-10-28 13:37:20,6.238317430712193e-14
2019-10-28 13:47:20,6.398809921986497e-14
2019-10-28 13:57:20,6.558406653019005e-14
2019-10-28 14:07:20,6.633972065891698e-14
2019-10-28 14:17:20,6.745841624257837e-14
2019-10-28 14:27:20,6.785915410543661e-14
2019-10-28 14:37:20,6.817289169194614e-14
2019-10-28 14:47:20,6.821735640149923e-14
2019-10-28 14:57:20,6.837864614721331e-14
2019-10-28 15:07:20,6.895225866538463e-14
2019-10-28 15:17:20,6.82296733090322e-14
2019-10-28 15:27:20,6.699659978053884e-14
2019-10-28 15:37:20,6.70316133390045e-14
2019-10-28 15:47:20,6.748672627926213e-14
2019-10-28 15:57:20,6.696510322685631e-14
2019-10-28 16:07:20,6.604873950550073e-14
2019-10-28 16:17:20,6.516528410817014e-14
2019-10-28 16:27:20,6.518333522336622e-14
2019-10-28 16:37:20,6.59314919914868e-14
2019-10-28 16:47:20,6.590772799866642e-14
2019-10-28 16:57:20,6.424967997764923e-14
2019-10-28 17:07:20,6.327135776401919e-14
2019-10-28 17:17:20,6.37158167671977e-14
2019-10-28 17:27:20,6.427076079438303e-14
2019-10-28 17:37:20,6.402223224606367e-14
2019-10-28 17:47:20,6.372596630993439e-14
2019-10-28 17:57:20,6.377941082954597e-14
2019-10-28 18:07:20,6.367707862467137e-14
2019-10-28 18:17:20,6.345503333857234e-14
2019-10-28 18:27:20,6.364795599353631e-14
2019-10-28 18:37:20,6.442319796468137e-14
2019-10-28 18:47:20,6.46447120401431e-14
2019-10-28 18:57:20,6.411985342685336e-14
2019-10-28 19:07:20,6.48709164586428e-14
2019-10-28 19:17:20,6.571660834817941e-14
2019-10-28 19:27:20,6.524921196205813e-14
2019-10-28 19:37:20,6.529116765090737e-14
2019-10-28 19:47:20,6.42794042494712e-14
2019-10-28 19:57:20,6.348773025730369e-14
2019-10-28 20:07:20,6.261802704719834e-14
2019-10-28 20:17:20,6.317118421598528e-14
2019-10-28 20:27:20,6.296918458392512e-14
2019-10-28 20:37:20,6.208006763540308e-14
2019-10-28 20:47:20,6.222881493510393e-14
2019-10-28 20:57:20,6.19433410344286e-14
2019-10-28 21:07:20,6.265369764069349e-14
2019-10-28 21:17:20,6.333922404386007e-14
2019-10-28 21:27:20,6.453758687551489e-14
2019-10-28 21:37:20,6.482374918561624e-14
2019-10-28 21:47:20,6.51232462070384e-14
2019-10-28 21:57:20,6.544129235988901e-14
2019-10-28 22:07:20,6.496825626754075e-14
2019-10-28 22:17:20,6.466230571904695e-14
2019-10-28 22:27:20,6.462379298099813e-14
2019-10-28 22:37:20,6.442935948261362e-14
2019-10-28 22:47:20,6.415031239429529e-14
2019-10-28 22:57:20,6.421375144173343e-14
2019-10-28 23:07:20,6.415668283899421e-14
2019-10-28 23:17:20,6.302344955714938e-14
2019-10-28 23:27:20,6.265040552510453e-14
2019-10-28 23:37:20,6.25556511656206e-14
2019-10-28 23:47:20,6.215930532481358e-14
2019-10-28 23:57:20,6.214101784313007e-14
2019-10-29 00:07:20,6.21919085286637e-14
2019-10-29 00:17:20,6.141503728256192e-14
2019-10-29 00:27:20,6.132051289453283e-14
2019-10-29 00:37:20,6.087314318872575e-14
2019-10-29 00:47:20,6.053866619480103e-14
2019-10-29 00:57:20,6.04698431669323e-14
2019-10-29 01:07:20,6.096181366311778e-14
2019-10-29 01:17:20,6.162351067677382e-14
2019-10-29 01:27:20,6.202516945201603e-14
2019-10-29 01:37:20,6.266632392494442e-14
2019-10-29 01:47:20,6.204390528932799e-14
2019-10-29 01:57:20,6.220561703225411e-14
2019-10-29 02:07:20,6.300852131135505e-14
2019-10-29 02:17:20,6.315013249572364e-14
2019-10-29 02:27:20,6.235347147665232e-14
2019-10-29 02:37:20,6.19927928525914e-14
2019-10-29 02:47:20,6.101870422116529e-14
2019-10-29 02:57:20,6.031375492761157e-14
2019-10-29 03:07:20,6.024179086420035e-14
2019-10-29 03:17:20,6.122610711754681e-14
2019-10-29 03:27:20,6.177882172113011e-14
2019-10-29 03:37:20,6.219956726848637e-14
2019-10-29 03:47:20,6.319118511160274e-14
2019-10-29 03:57:20,6.380231804778272e-14
2019-10-29 04:07:20,6.501958861355022e-14
2019-10-29 04:17:20,6.535640992128144e-14
2019-10-29 04:27:20,6.693143601213112e-14
2019-10-29 04:37:20,6.76005062686658e-14
2019-10-29 04:47:20,6.706608922297073e-14
2019-10-29 04:57:20,6.585406717755426e-14
2019-10-29 05:07:20,6.535264287064147e-14
2019-10-29 05:17:20,6.436659369506502e-14
2019-10-29 05:27:20,6.405532709006566e-14
2019-10-29 05:37:20,6.352764731716817e-14
2019-10-29 05:47:20,6.36633862373923e-14
2019-10-29 05:57:20,6.453565138235148e-14
2019-10-29 06:07:20,6.44288921675999e-14
2019-10-29 06:17:20,6.32798782398782e-14
2019-10-29 06:27:20,6.224001757581117e-14
2019-10-29 06:37:20,6.154404322766603e-14
2019-10-29 06:47:20,6.140473892304233e-14
2019-10-29 06:57:20,6.016644122341631e-14
2019-10-29 07:07:20,5.892468284851432e-14
2019-10-29 07:17:20,5.90513444020609e-14
2019-10-29 07:27:20,5.865339289935028e-14
2019-10-29 07:37:20,5.836642324122713e-14
2019-10-29 07:47:20,5.8735511236153e-14
2019-10-29 07:57:20,5.9537924310398e-14
2019-10-29 08:07:20,6.049313310673258e-14
2019-10-29 08:17:20,6.015725829035745e-14
2019-10-29 08:27:20,5.935843458309938e-14
2019-10-29 08:37:20,5.847311773276125e-14
2019-10-29 08:47:20,5.875333827228363e-14
2019-10-29 08:57:20,5.88634054771085e-14
2019-10-29 09:07:20,5.817106822102449e-14
2019-10-29 09:17:20,5.763610003284585e-14
2019-10-29 09:27:20,5.738923387291367e-14
2019-10-29 09:37:20,5.756635491932215e-14
2019-10-29 09:47:20,5.78351084130892e-14
2019-10-29 09:57:20,5.725423933182579e-14
2019-10-29 10:07:20,5.737621947135472e-14
2019-10-29 10:17:20,5.862196035318726e-14
2019-10-29 10:27:20,5.985991210958736e-14
2019-10-29 10:37:20,6.005854101860475e-14
2019-10-29 10:47:20,5.929347299025549e-14
2019-10-29 10:57:20,5.907326283931847e-14
2019-10-29 11:07:20,5.911273481137469e-14
2019-10-29 11:17:20,5.897364088130755e-14
2019-10-29 11:27:20,5.841298518812953e-14
2019-10-29 11:37:20,5.790314333695038e-14
2019-10-29 11:47:20,5.762560719257621e-14
2019-10-29 11:57:20,5.6717019901115816e-14
2019-10-29 12:07:20,5.6201241758069594e-14
2019-10-29 12:17:20,5.614724231109436e-14
2019-10-29 12:27:20,5.615523327865026e-14
2019-10-29 12:37:20,5.6119326032650126e-14
2019-10-29 12:47:20,5.6098692979017137e-14
2019-10-29 12:57:20,5.6019582148201434e-14
2019-10-29 13:07:20,5.6496348428321135e-14
2019-10-29 13:17:20,5.727174596444616e-14
2019-10-29 13:27:20,5.748972221074323e-14
2019-10-29 13:37:20,5.6722386562982377e-14
2019-10-29 13:47:20,5.6142673627219986e-14
2019-10-29 13:57:20,5.6196995710816985e-14
2019-10-29 14:07:20,5.6664419840728296e-14
2019-10-29 14:17:20,5.701159277633428e-14
2019-10-29 14:27:20,5.671115968702096e-14
2019-10-29 14:37:20,5.751756902998102e-14
2019-10-29 14:47:20,5.83663103587186e-14
2019-10-29 14:57:20,5.789084159535895e-14
2019-10-29 15:07:20,5.715099196068629e-14
2019-10-29 15:17:20,5.6784745181791724e-14
2019-10-29 15:27:20,5.765129216853778e-14
2019-10-29 15:37:20,5.720900263788081e-14
2019-10-29 15:47:20,5.715551727065805e-14
2019-10-29 15:57:20,5.720018924283959e-14
2019-10-29 16:07:20,5.690954359978591e-14
2019-10-29 16:17:20,5.732537118229422e-14
2019-10-29 16:27:20,5.840100125636505e-14
2019-10-29 16:37:20,6.025029595262791e-14
2019-10-29 16:47:20,6.138602446055155e-14
2019-10-29 16:57:20,6.135309278807045e-14
2019-10-29 17:07:20,6.109944729018693e-14
2019-10-29 17:17:20,6.137756126371922e-14
2019-10-29 17:27:20,6.144493987839879e-14
2019-10-29 17:37:20,6.154573019390273e-14
2019-10-29 17:47:20,6.119358153998331e-14
2019-10-29 17:57:20,6.089005225933797e-14
2019-10-29 18:07:20,6.039334530528655e-14
2019-10-29 18:17:20,6.007108480764412e-14
2019-10-29 18:27:20,5.990051434841559e-14
2019-10-29 18:37:20,5.92818155605729e-14
2019-10-29 18:47:20,6.043260838110072e-14
2019-10-29 18:57:20,5.994464797052596e-14
2019-10-29 19:07:20,5.970754912319643e-14
2019-10-29 19:17:20,5.952664604018764e-14
2019-10-29 19:27:20,5.941009151362818e-14
2019-10-29 19:37:20,5.838155563219251e-14
2019-10-29 19:47:20,5.80038306476603e-14
2019-10-29 19:57:20,5.80985967115786e-14
2019-10-29 20:07:20,5.83642574491571e-14
2019-10-29 20:17:20,5.797503711694647e-14
2019-10-29 20:27:20,5.789359584634416e-14
2019-10-29 20:37:20,5.770624411467018e-14
2019-10-29 20:47:20,5.783200381218225e-14
2019-10-29 20:57:20,5.760415525460756e-14
2019-10-29 21:07:20,5.719472638600307e-14
2019-10-29 21:17:20,5.710883607024341e-14
2019-10-29 21:27:20,5.776920197424505e-14
