Timestamp,Orbit Mean Density (kg/m^3)
2006-01-26 21:01:40,3.7367586363635937e-13
2006-01-26 21:11:40,3.761390829714519e-13
2006-01-26 21:21:40,3.725983553090104e-13
2006-01-26 21:31:40,3.7055649227806914e-13
2006-01-26 21:41:40,3.716901600423342e-13
2006-01-26 21:51:40,3.7116654271337517e-13
2006-01-26 22:01:40,3.7267708347133524e-13
2006-01-26 22:11:40,3.689695352552089e-13
2006-01-26 22:21:40,3.695037234978205e-13
2006-01-26 22:31:40,3.6339973282305533e-13
2006-01-26 22:41:40,3.542524575805641e-13
2006-01-26 22:51:40,3.5379136280117284e-13
2006-01-26 23:01:40,3.528398515948217e-13
2006-01-26 23:11:40,3.5167366593025933e-13
2006-01-26 23:21:40,3.533894685551545e-13
2006-01-26 23:31:40,3.529560193036507e-13
2006-01-26 23:41:40,3.498238799395922e-13
2006-01-26 23:51:40,3.437901301485219e-13
2006-01-27 00:01:40,3.401089472930404e-13
2006-01-27 00:11:40,3.41221628808672e-13
2006-01-27 00:21:40,3.3737546835369095e-13
2006-01-27 00:31:40,3.3326860277612133e-13
2006-01-27 00:41:40,3.303108548431156e-13
2006-01-27 00:51:40,3.264973446584892e-13
2006-01-27 01:01:40,3.1978697025244263e-13
2006-01-27 01:11:40,3.1399195662528597e-13
2006-01-27 01:21:40,3.1688145453366333e-13
2006-01-27 01:31:40,3.135191433653614e-13
2006-01-27 01:41:40,3.1491017681830997e-13
2006-01-27 01:51:40,3.159115509306168e-13
2006-01-27 02:01:40,3.186716423512848e-13
2006-01-27 02:11:40,3.208733490543013e-13
2006-01-27 02:21:40,3.190695491727747e-13
2006-01-27 02:31:40,3.13484484254569e-13
2006-01-27 02:41:40,3.1284208273871825e-13
2006-01-27 02:51:40,3.097020072786067e-13
2006-01-27 03:01:40,3.1153951512767374e-13
2006-01-27 03:11:40,3.102762271680172e-13
2006-01-27 03:21:40,3.0411999333771026e-13
2006-01-27 03:31:40,3.029058022554738e-13
2006-01-27 03:41:40,3.0273153280818743e-13
2006-01-27 03:51:40,3.037955419556713e-13
2006-01-27 04:01:40,3.0525453912871497e-13
2006-01-27 04:11:40,3.031128597658614e-13
2006-01-27 04:21:40,3.017226535639705e-13
2006-01-27 04:31:40,2.941517226305397e-13
2006-01-27 04:41:40,2.9412410058264586e-13
2006-01-27 04:51:40,2.9481782440224746e-13
2006-01-27 05:01:40,2.935371645340583e-13
2006-01-27 05:11:40,2.935898293312089e-13
2006-01-27 05:21:40,2.914276680064089e-13
2006-01-27 05:31:40,2.934244421180628e-13
2006-01-27 05:41:40,2.950490330223187e-13
2006-01-27 05:51:40,2.895237677655772e-13
2006-01-27 06:01:40,2.818353083295941e-13
2006-01-27 06:11:40,2.806739859194585e-13
2006-01-27 06:21:40,2.766949472039334e-13
2006-01-27 06:31:40,2.790939279146308e-13
2006-01-27 06:41:40,2.771350531534053e-13
2006-01-27 06:51:40,2.729685252294269e-13
2006-01-27 07:01:40,2.7126637633677617e-13
2006-01-27 07:11:40,2.7036646118775663e-13
2006-01-27 07:21:40,2.689281738914859e-13
2006-01-27 07:31:40,2.646076748235737e-13
2006-01-27 07:41:40,2.628507357212125e-13
2006-01-27 07:51:40,2.637952438146444e-13
2006-01-27 08:01:40,2.592841537102514e-13
2006-01-27 08:11:40,2.5898503547449106e-13
2006-01-27 08:21:40,2.5891160053306193e-13
2006-01-27 08:31:40,2.566944509381896e-13
2006-01-27 08:41:40,2.54824298291727e-13
2006-01-27 08:51:40,2.5522501547875495e-13
2006-01-27 09:01:40,2.530039995755588e-13
2006-01-27 09:11:40,2.48355566020674e-13
2006-01-27 09:21:40,2.4623857129088695e-13
2006-01-27 09:31:40,2.4652901412272373e-13
2006-01-27 09:41:40,2.458082244139904e-13
2006-01-27 09:51:40,2.452987875614528e-13
2006-01-27 10:01:40,2.470392283087025e-13
2006-01-27 10:11:40,2.453981086651724e-13
2006-01-27 10:21:40,2.4252678753692535e-13
2006-01-27 10:31:40,2.4314846327226544e-13
2006-01-27 10:41:40,2.431365185603944e-13
2006-01-27 10:51:40,2.486454905211893e-13
2006-01-27 11:01:40,2.471847243028948e-13
2006-01-27 11:11:40,2.459624147945004e-13
2006-01-27 11:21:40,2.455332520457345e-13
2006-01-27 11:31:40,2.435814114448357e-13
2006-01-27 11:41:40,2.441104684194639e-13
2006-01-27 11:51:40,2.4211522841854805e-13
2006-01-27 12:01:40,2.416783916730212e-13
2006-01-27 12:11:40,2.398462667197909e-13
2006-01-27 12:21:40,2.405197272221584e-13
2006-01-27 12:31:40,2.4165656753856253e-13
2006-01-27 12:41:40,2.4391851688840165e-13
2006-01-27 12:51:40,2.453939792046421e-13
2006-01-27 13:01:40,2.451705201935994e-13
2006-01-27 13:11:40,2.442847267142326e-13
2006-01-27 13:21:40,2.444448813885892e-13
2006-01-27 13:31:40,2.440916051516006e-13
2006-01-27 13:41:40,2.4466840429234985e-13
2006-01-27 13:51:40,2.44796946215768e-13
2006-01-27 14:01:40,2.451014214619309e-13
2006-01-27 14:11:40,2.484314254184005e-13
2006-01-27 14:21:40,2.514743716851007e-13
2006-01-27 14:31:40,2.4896414314100746e-13
2006-01-27 14:41:40,2.470160989129804e-13
2006-01-27 14:51:40,2.475458297781163e-13
2006-01-27 15:01:40,2.48649594514719e-13
2006-01-27 15:11:40,2.4770305568745523e-13
2006-01-27 15:21:40,2.4582432296408226e-13
2006-01-27 15:31:40,2.4521185238594485e-13
2006-01-27 15:41:40,2.4361053489440416e-13
2006-01-27 15:51:40,2.409494681164775e-13
2006-01-27 16:01:40,2.394555475287824e-13
2006-01-27 16:11:40,2.425320728231176e-13
2006-01-27 16:21:40,2.4320597539267585e-13
2006-01-27 16:31:40,2.4227199410624815e-13
2006-01-27 16:41:40,2.42499386900266e-13
2006-01-27 16:51:40,2.426324750463419e-13
2006-01-27 17:01:40,2.440726588089652e-13
2006-01-27 17:11:40,2.4389214813654784e-13
2006-01-27 17:21:40,2.4465134441934334e-13
2006-01-27 17:31:40,2.424830383905445e-13
2006-01-27 17:41:40,2.4243642765672897e-13
2006-01-27 17:51:40,2.4306026155583864e-13
2006-01-27 18:01:40,2.42039780336312e-13
2006-01-27 18:11:40,2.411516188115836e-13
2006-01-27 18:21:40,2.424362937905564e-13
2006-01-27 18:31:40,2.406598461003452e-13
2006-01-27 18:41:40,2.4210141405762704e-13
2006-01-27 18:51:40,2.445504608965058e-13
2006-01-27 19:01:40,2.4470541924550204e-13
2006-01-27 19:11:40,2.4573772671150214e-13
2006-01-27 19:21:40,2.4596440329407943e-13
2006-01-27 19:31:40,2.45583353362687e-13
2006-01-27 19:41:40,2.4606320716100424e-13
2006-01-27 19:51:40,2.46472116148663e-13
2006-01-27 20:01:40,2.451918691779623e-13
2006-01-27 20:11:40,2.501695682091404e-13
2006-01-27 20:21:40,2.5435330728462494e-13
2006-01-27 20:31:40,2.519518848582453e-13
2006-01-27 20:41:40,2.503592423381596e-13
2006-01-27 20:51:40,2.494397896597121e-13
2006-01-27 21:01:40,2.504901034930028e-13
2006-01-27 21:11:40,2.5013623142327094e-13
2006-01-27 21:21:40,2.468321812434183e-13
2006-01-27 21:31:40,2.46489098664608e-13
2006-01-27 21:41:40,2.49191264937393e-13
2006-01-27 21:51:40,2.5074268144647825e-13
2006-01-27 22:01:40,2.50946789949052e-13
2006-01-27 22:11:40,2.4907219874049945e-13
2006-01-27 22:21:40,2.479682599218985e-13
2006-01-27 22:31:40,2.47862604919342e-13
2006-01-27 22:41:40,2.477645396649593e-13
2006-01-27 22:51:40,2.4718764934453493e-13
2006-01-27 23:01:40,2.4403178325294893e-13
2006-01-27 23:11:40,2.391200780825439e-13
2006-01-27 23:21:40,2.320063098562318e-13
2006-01-27 23:31:40,2.297417222614934e-13
2006-01-27 23:41:40,2.2988519643223375e-13
2006-01-27 23:51:40,2.296351380726872e-13
2006-01-28 00:01:40,2.292219002901494e-13
2006-01-28 00:11:40,2.2896780082179533e-13
2006-01-28 00:21:40,2.288449924666425e-13
2006-01-28 00:31:40,2.2707768195000354e-13
2006-01-28 00:41:40,2.254210174067533e-13
2006-01-28 00:51:40,2.2549165618936957e-13
2006-01-28 01:01:40,2.2417702578249242e-13
2006-01-28 01:11:40,2.2157780353074385e-13
2006-01-28 01:21:40,2.193686586573137e-13
2006-01-28 01:31:40,2.206480999260385e-13
2006-01-28 01:41:40,2.1984305651238806e-13
2006-01-28 01:51:40,2.195457792329592e-13
2006-01-28 02:01:40,2.197460707448119e-13
2006-01-28 02:11:40,2.2049193887248265e-13
2006-01-28 02:21:40,2.199691965435922e-13
2006-01-28 02:31:40,2.2080183776014586e-13
2006-01-28 02:41:40,2.2262505424471957e-13
2006-01-28 02:51:40,2.2441593066507601e-13
2006-01-28 03:01:40,2.2664385728095127e-13
2006-01-28 03:11:40,2.274714329709764e-13
2006-01-28 03:21:40,2.269281535876035e-13
2006-01-28 03:31:40,2.2806924757862296e-13
2006-01-28 03:41:40,2.278833737812248e-13
2006-01-28 03:51:40,2.289999511377896e-13
2006-01-28 04:01:40,2.2590190075402732e-13
2006-01-28 04:11:40,2.2496276929042762e-13
2006-01-28 04:21:40,2.2679235847682681e-13
2006-01-28 04:31:40,2.2719981171549575e-13
2006-01-28 04:41:40,2.260071106422735e-13
2006-01-28 04:51:40,2.2564137400635045e-13
2006-01-28 05:01:40,2.255602809828424e-13
2006-01-28 05:11:40,2.25855814968981e-13
2006-01-28 05:21:40,2.2447549935458965e-13
2006-01-28 05:31:40,2.252838481861423e-13
2006-01-28 05:41:40,2.2708930265255254e-13
2006-01-28 05:51:40,2.2763150770933873e-13
2006-01-28 06:01:40,2.2691281955738318e-13
2006-01-28 06:11:40,2.2464229094078377e-13
2006-01-28 06:21:40,2.22716177996632e-13
2006-01-28 06:31:40,2.2197657484718658e-13
2006-01-28 06:41:40,2.2110380032147378e-13
2006-01-28 06:51:40,2.211435149705449e-13
2006-01-28 07:01:40,2.2163806982358494e-13
2006-01-28 07:11:40,2.2051017439242467e-13
2006-01-28 07:21:40,2.1856892078766806e-13
2006-01-28 07:31:40,2.2060259734734345e-13
2006-01-28 07:41:40,2.2060089415248219e-13
2006-01-28 07:51:40,2.1957431007874178e-13
2006-01-28 08:01:40,2.1861169430374015e-13
2006-01-28 08:11:40,2.177522925218509e-13
2006-01-28 08:21:40,2.1731704089249522e-13
2006-01-28 08:31:40,2.1771935470477965e-13
2006-01-28 08:41:40,2.1554113186468098e-13
2006-01-28 08:51:40,2.137584463858478e-13
2006-01-28 09:01:40,2.1355283184732013e-13
2006-01-28 09:11:40,2.1309607389031202e-13
2006-01-28 09:21:40,2.1657548276039478e-13
2006-01-28 09:31:40,2.1882801498383123e-13
2006-01-28 09:41:40,2.191692819041253e-13
2006-01-28 09:51:40,2.1949079009160574e-13
2006-01-28 10:01:40,2.1905097095427373e-13
2006-01-28 10:11:40,2.1918508038712194e-13
2006-01-28 10:21:40,2.2310491641270986e-13
2006-01-28 10:31:40,2.221868233647296e-13
2006-01-28 10:41:40,2.230039779772421e-13
2006-01-28 10:51:40,2.221945270762683e-13
2006-01-28 11:01:40,2.20446564245238e-13
2006-01-28 11:11:40,2.206392293873694e-13
2006-01-28 11:21:40,2.1997390540482377e-13
2006-01-28 11:31:40,2.191882705406054e-13
2006-01-28 11:41:40,2.2123440288726186e-13
2006-01-28 11:51:40,2.247644029625015e-13
2006-01-28 12:01:40,2.2400533832196722e-13
2006-01-28 12:11:40,2.2265679938939978e-13
2006-01-28 12:21:40,2.2258279350908326e-13
2006-01-28 12:31:40,2.2412027711335682e-13
2006-01-28 12:41:40,2.231204937457269e-13
2006-01-28 12:51:40,2.2289791965575194e-13
2006-01-28 13:01:40,2.2225254071428862e-13
2006-01-28 13:11:40,2.2008818369794082e-13
2006-01-28 13:21:40,2.1754800746058506e-13
2006-01-28 13:31:40,2.1494956258324079e-13
2006-01-28 13:41:40,2.141560749322857e-13
2006-01-28 13:51:40,2.1535180359403758e-13
2006-01-28 14:01:40,2.1431289129374887e-13
2006-01-28 14:11:40,2.1374088791428649e-13
2006-01-28 14:21:40,2.133044720666301e-13
2006-01-28 14:31:40,2.1263287076268362e-13
2006-01-28 14:41:40,2.1014560838576894e-13
2006-01-28 14:51:40,2.042917304829843e-13
2006-01-28 15:01:40,1.990792837333149e-13
2006-01-28 15:11:40,1.9852922950586845e-13
2006-01-28 15:21:40,1.974193330873739e-13
2006-01-28 15:31:40,1.9709981493142426e-13
2006-01-28 15:41:40,1.9872108270165025e-13
2006-01-28 15:51:40,1.984337216763341e-13
2006-01-28 16:01:40,1.972903380139608e-13
2006-01-28 16:11:40,1.9780807407196479e-13
2006-01-28 16:21:40,1.9563045376097838e-13
2006-01-28 16:31:40,1.916535445482544e-13
2006-01-28 16:41:40,1.901857753286372e-13
2006-01-28 16:51:40,1.9077864614984126e-13
2006-01-28 17:01:40,1.899769025065324e-13
2006-01-28 17:11:40,1.9120872856653986e-13
2006-01-28 17:21:40,1.9234940396970682e-13
2006-01-28 17:31:40,1.9314142371087306e-13
2006-01-28 17:41:40,1.9317075607132841e-13
2006-01-28 17:51:40,1.9708686156111961e-13
2006-01-28 18:01:40,2.0177053877296817e-13
2006-01-28 18:11:40,2.041368550583553e-13
2006-01-28 18:21:40,2.0778934320446e-13
2006-01-28 18:31:40,2.1010357274354813e-13
2006-01-28 18:41:40,2.113492085750281e-13
2006-01-28 18:51:40,2.1138917431893745e-13
2006-01-28 19:01:40,2.1230168866595957e-13
2006-01-28 19:11:40,2.129107958570083e-13
2006-01-28 19:21:40,2.125252198289245e-13
2006-01-28 19:31:40,2.1188154404922997e-13
2006-01-28 19:41:40,2.130402590038051e-13
2006-01-28 19:51:40,2.1488084834544602e-13
2006-01-28 20:01:40,2.1331396453595866e-13
2006-01-28 20:11:40,2.1243402181139911e-13
2006-01-28 20:21:40,2.1135032946400414e-13
2006-01-28 20:31:40,2.105554438811416e-13
2006-01-28 20:41:40,2.104191607618533e-13
2006-01-28 20:51:40,2.1124359455644998e-13
2006-01-28 21:01:40,2.1071733345821962e-13
2006-01-28 21:11:40,2.1463146410010312e-13
2006-01-28 21:21:40,2.155699288860574e-13
2006-01-28 21:31:40,2.141758684070259e-13
2006-01-28 21:41:40,2.1244577420494274e-13
2006-01-28 21:51:40,2.1088929065975014e-13
2006-01-28 22:01:40,2.0974286772261006e-13
2006-01-28 22:11:40,2.08013366782547e-13
2006-01-28 22:21:40,2.0656269678995145e-13
2006-01-28 22:31:40,2.0555258455501682e-13
2006-01-28 22:41:40,2.0387709250455249e-13
2006-01-28 22:51:40,2.0251534181859465e-13
2006-01-28 23:01:40,2.008730559674735e-13
2006-01-28 23:11:40,1.99711637401013e-13
2006-01-28 23:21:40,1.9756551383575007e-13
2006-01-28 23:31:40,1.9801729268089546e-13
2006-01-28 23:41:40,1.9871601179036598e-13
2006-01-28 23:51:40,1.9904654135602058e-13
2006-01-29 00:01:40,1.9828336189239529e-13
2006-01-29 00:11:40,1.9755160204303286e-13
2006-01-29 00:21:40,1.969427877876196e-13
2006-01-29 00:31:40,1.9840689558794325e-13
2006-01-29 00:41:40,1.9633251480252218e-13
2006-01-29 00:51:40,1.9616218346034912e-13
2006-01-29 01:01:40,1.973567540987997e-13
2006-01-29 01:11:40,1.978243019791789e-13
2006-01-29 01:21:40,1.9840897871941942e-13
2006-01-29 01:31:40,1.9818897292394653e-13
2006-01-29 01:41:40,1.9726811532576282e-13
2006-01-29 01:51:40,1.948329278930297e-13
2006-01-29 02:01:40,1.9520848175331566e-13
2006-01-29 02:11:40,1.968548588862532e-13
2006-01-29 02:21:40,1.9944407788996162e-13
2006-01-29 02:31:40,2.0111744836216689e-13
2006-01-29 02:41:40,2.04312656347919e-13
2006-01-29 02:51:40,2.0523351807032682e-13
2006-01-29 03:01:40,2.035831677536977e-13
2006-01-29 03:11:40,2.009162285446428e-13
2006-01-29 03:21:40,2.0077251650500885e-13
2006-01-29 03:31:40,2.015317767021789e-13
2006-01-29 03:41:40,2.007151811935502e-13
2006-01-29 03:51:40,2.021353941204615e-13
2006-01-29 04:01:40,2.015619092429797e-13
2006-01-29 04:11:40,1.991026254873561e-13
2006-01-29 04:21:40,1.9726198250197445e-13
2006-01-29 04:31:40,1.9711981855984498e-13
2006-01-29 04:41:40,1.9691614350956237e-13
2006-01-29 04:51:40,1.9794091672557225e-13
2006-01-29 05:01:40,2.0288248644569602e-13
2006-01-29 05:11:40,2.047638471353633e-13
2006-01-29 05:21:40,2.0624450371245365e-13
2006-01-29 05:31:40,2.069123640792194e-13
2006-01-29 05:41:40,2.0419580426938558e-13
2006-01-29 05:51:40,2.0143476423175237e-13
2006-01-29 06:01:40,2.0050442314978689e-13
2006-01-29 06:11:40,2.0006611233970831e-13
2006-01-29 06:21:40,1.99294110129092e-13
2006-01-29 06:31:40,1.9467940914556946e-13
2006-01-29 06:41:40,1.8856660846481437e-13
2006-01-29 06:51:40,1.856699469872737e-13
2006-01-29 07:01:40,1.843564190065085e-13
2006-01-29 07:11:40,1.846515595916058e-13
2006-01-29 07:21:40,1.8389622889645421e-13
2006-01-29 07:31:40,1.8341058263634126e-13
2006-01-29 07:41:40,1.8407582782059042e-13
2006-01-29 07:51:40,1.8437019246878105e-13
2006-01-29 08:01:40,1.823715982979839e-13
2006-01-29 08:11:40,1.800958212689896e-13
2006-01-29 08:21:40,1.838776175421485e-13
2006-01-29 08:31:40,1.853168653364912e-13
2006-01-29 08:41:40,1.846935245496956e-13
2006-01-29 08:51:40,1.8594671202562838e-13
2006-01-29 09:01:40,1.8733232556510365e-13
2006-01-29 09:11:40,1.8770498015724071e-13
2006-01-29 09:21:40,1.87913121478038e-13
2006-01-29 09:31:40,1.8684750679463253e-13
2006-01-29 09:41:40,1.855418116062425e-13
2006-01-29 09:51:40,1.8670877768215385e-13
2006-01-29 10:01:40,1.860329105525221e-13
2006-01-29 10:11:40,1.8546984607858802e-13
2006-01-29 10:21:40,1.8532174330528877e-13
2006-01-29 10:31:40,1.8546332201790398e-13
2006-01-29 10:41:40,1.8584136941244505e-13
2006-01-29 10:51:40,1.8556328741446206e-13
2006-01-29 11:01:40,1.8472902945246734e-13
2006-01-29 11:11:40,1.865203516516151e-13
2006-01-29 11:21:40,1.9141098797649312e-13
2006-01-29 11:31:40,1.914162845379117e-13
2006-01-29 11:41:40,1.8980335024085746e-13
2006-01-29 11:51:40,1.8967144253195298e-13
2006-01-29 12:01:40,1.8997824367758758e-13
2006-01-29 12:11:40,1.898008243214084e-13
2006-01-29 12:21:40,1.891277196807249e-13
2006-01-29 12:31:40,1.883047813337871e-13
2006-01-29 12:41:40,1.878016299877767e-13
2006-01-29 12:51:40,1.877305669320195e-13
2006-01-29 13:01:40,1.860461537119553e-13
2006-01-29 13:11:40,1.8433730415586125e-13
2006-01-29 13:21:40,1.829922247701768e-13
2006-01-29 13:31:40,1.84107010831503e-13
2006-01-29 13:41:40,1.8335977682583314e-13
2006-01-29 13:51:40,1.8292078303501185e-13
2006-01-29 14:01:40,1.8194836405133994e-13
2006-01-29 14:11:40,1.8150829637126778e-13
2006-01-29 14:21:40,1.7950248133710338e-13
2006-01-29 14:31:40,1.741172065760275e-13
2006-01-29 14:41:40,1.7122692129628834e-13
2006-01-29 14:51:40,1.709073087874035e-13
2006-01-29 15:01:40,1.7247136163518524e-13
2006-01-29 15:11:40,1.726147016579425e-13
2006-01-29 15:21:40,1.7359811224753801e-13
2006-01-29 15:31:40,1.7283358483629605e-13
2006-01-29 15:41:40,1.7284675196376222e-13
2006-01-29 15:51:40,1.7192474870982117e-13
2006-01-29 16:01:40,1.7035973674136008e-13
2006-01-29 16:11:40,1.6752932276135478e-13
2006-01-29 16:21:40,1.6667282507298872e-13
2006-01-29 16:31:40,1.6536925520263054e-13
2006-01-29 16:41:40,1.6534291669462718e-13
2006-01-29 16:51:40,1.649131315022302e-13
2006-01-29 17:01:40,1.6529563938007366e-13
2006-01-29 17:11:40,1.6562615239059354e-13
2006-01-29 17:21:40,1.6792762889605422e-13
2006-01-29 17:31:40,1.6814677142260882e-13
2006-01-29 17:41:40,1.67615021828159e-13
2006-01-29 17:51:40,1.6693685128780648e-13
2006-01-29 18:01:40,1.6684945824714712e-13
2006-01-29 18:11:40,1.6627824551367137e-13
2006-01-29 18:21:40,1.6525015443101162e-13
2006-01-29 18:31:40,1.650372372392879e-13
2006-01-29 18:41:40,1.6586374750524178e-13
2006-01-29 18:51:40,1.6494964232525954e-13
2006-01-29 19:01:40,1.6239892646777414e-13
2006-01-29 19:11:40,1.6181271231895197e-13
2006-01-29 19:21:40,1.64596923275061e-13
2006-01-29 19:31:40,1.655917803538123e-13
2006-01-29 19:41:40,1.6443252051465469e-13
2006-01-29 19:51:40,1.64003703947661e-13
2006-01-29 20:01:40,1.6338163425176889e-13
2006-01-29 20:11:40,1.6399761690617417e-13
2006-01-29 20:21:40,1.6452695262041098e-13
2006-01-29 20:31:40,1.6342607973015917e-13
2006-01-29 20:41:40,1.6618456714136882e-13
2006-01-29 20:51:40,1.6887621512951192e-13
2006-01-29 21:01:40,1.7146040237244017e-13
