Timestamp,Orbit Mean Density (kg/m^3)
2014-09-29 12:02:20,2.4522382576097198e-12
2014-09-29 12:12:20,2.451904194781747e-12
2014-09-29 12:22:20,2.464249079246455e-12
2014-09-29 12:32:20,2.4596183662343657e-12
2014-09-29 12:42:20,2.4603104332511778e-12
2014-09-29 12:52:20,2.4747832522258327e-12
2014-09-29 13:02:20,2.464880083795442e-12
2014-09-29 13:12:20,2.4575625886573365e-12
2014-09-29 13:22:20,2.4696290061611628e-12
2014-09-29 13:32:20,2.475468219503902e-12
2014-09-29 13:42:20,2.4600960402232944e-12
2014-09-29 13:52:20,2.4233876021234163e-12
2014-09-29 14:02:20,2.4212517244787443e-12
2014-09-29 14:12:20,2.428067255311877e-12
2014-09-29 14:22:20,2.4435689796584696e-12
2014-09-29 14:32:20,2.456380957368349e-12
2014-09-29 14:42:20,2.4581627401366047e-12
2014-09-29 14:52:20,2.459661556510716e-12
2014-09-29 15:02:20,2.46902556695169e-12
2014-09-29 15:12:20,2.468556570624729e-12
2014-09-29 15:22:20,2.4702934139292347e-12
2014-09-29 15:32:20,2.4769271798163625e-12
2014-09-29 15:42:20,2.4804830625478308e-12
2014-09-29 15:52:20,2.482431004964332e-12
2014-09-29 16:02:20,2.4688967697380738e-12
2014-09-29 16:12:20,2.4635850377828788e-12
2014-09-29 16:22:20,2.459779522169864e-12
2014-09-29 16:32:20,2.443958828711266e-12
2014-09-29 16:42:20,2.43122982481083e-12
2014-09-29 16:52:20,2.4396786260705336e-12
2014-09-29 17:02:20,2.4204943720107195e-12
2014-09-29 17:12:20,2.4341978447344375e-12
2014-09-29 17:22:20,2.4478061106057536e-12
2014-09-29 17:32:20,2.4584869504643127e-12
2014-09-29 17:42:20,2.454211197066685e-12
2014-09-29 17:52:20,2.4601681265566042e-12
2014-09-29 18:02:20,2.4678480948070445e-12
2014-09-29 18:12:20,2.472364340205725e-12
2014-09-29 18:22:20,2.4703551284428004e-12
2014-09-29 18:32:20,2.4847691858964333e-12
2014-09-29 18:42:20,2.4948279562532494e-12
2014-09-29 18:52:20,2.4977976428125885e-12
2014-09-29 19:02:20,2.5104409729207294e-12
2014-09-29 19:12:20,2.5195322535075984e-12
2014-09-29 19:22:20,2.52112199017178e-12
2014-09-29 19:32:20,2.530885239854965e-12
2014-09-29 19:42:20,2.542312682601269e-12
2014-09-29 19:52:20,2.5486187061651627e-12
2014-09-29 20:02:20,2.543495788462655e-12
2014-09-29 20:12:20,2.542765871029712e-12
2014-09-29 20:22:20,2.5391718965896747e-12
2014-09-29 20:32:20,2.526606276483788e-12
2014-09-29 20:42:20,2.524064267837934e-12
2014-09-29 20:52:20,2.509135318963048e-12
2014-09-29 21:02:20,2.5031753018584894e-12
2014-09-29 21:12:20,2.5184166788756237e-12
2014-09-29 21:22:20,2.5474195106596974e-12
2014-09-29 21:32:20,2.558070283204065e-12
2014-09-29 21:42:20,2.534857834609824e-12
2014-09-29 21:52:20,2.5152436941127454e-12
2014-09-29 22:02:20,2.5202787689743377e-12
2014-09-29 22:12:20,2.5005386243693917e-12
2014-09-29 22:22:20,2.4888484504453897e-12
2014-09-29 22:32:20,2.473673515174956e-12
2014-09-29 22:42:20,2.464226043512815e-12
2014-09-29 22:52:20,2.4637582450046605e-12
2014-09-29 23:02:20,2.462676774218634e-12
2014-09-29 23:12:20,2.4772064096222306e-12
2014-09-29 23:22:20,2.4988242309945804e-12
2014-09-29 23:32:20,2.5026029201254448e-12
2014-09-29 23:42:20,2.494489168097266e-12
2014-09-29 23:52:20,2.4969564399074008e-12
2014-09-30 00:02:20,2.513189569221165e-12
2014-09-30 00:12:20,2.524702404324106e-12
2014-09-30 00:22:20,2.518453355797929e-12
2014-09-30 00:32:20,2.5089261134746697e-12
2014-09-30 00:42:20,2.5404488107255658e-12
2014-09-30 00:52:20,2.5920258181274287e-12
2014-09-30 01:02:20,2.597900886524789e-12
2014-09-30 01:12:20,2.582670014280405e-12
2014-09-30 01:22:20,2.5933981064616477e-12
2014-09-30 01:32:20,2.609825743221459e-12
2014-09-30 01:42:20,2.6125022549010598e-12
2014-09-30 01:52:20,2.620813393227276e-12
2014-09-30 02:02:20,2.630552680208369e-12
2014-09-30 02:12:20,2.63471830268895e-12
2014-09-30 02:22:20,2.644196709233997e-12
2014-09-30 02:32:20,2.639080693917829e-12
2014-09-30 02:42:20,2.6263711667613107e-12
2014-09-30 02:52:20,2.6258618918806227e-12
2014-09-30 03:02:20,2.6448142239920626e-12
2014-09-30 03:12:20,2.6321877171079443e-12
2014-09-30 03:22:20,2.615606958657006e-12
2014-09-30 03:32:20,2.620840955089362e-12
2014-09-30 03:42:20,2.618127644691488e-12
2014-09-30 03:52:20,2.59357046860888e-12
2014-09-30 04:02:20,2.5909080309901564e-12
2014-09-30 04:12:20,2.5995701493720496e-12
2014-09-30 04:22:20,2.6002575728936297e-12
2014-09-30 04:32:20,2.5903248530291558e-12
2014-09-30 04:42:20,2.5978985151919495e-12
2014-09-30 04:52:20,2.5962241805898257e-12
2014-09-30 05:02:20,2.590866505310346e-12
2014-09-30 05:12:20,2.596379153536121e-12
2014-09-30 05:22:20,2.611511997102648e-12
2014-09-30 05:32:20,2.6116359172879238e-12
2014-09-30 05:42:20,2.608725087420357e-12
2014-09-30 05:52:20,2.6247624510607986e-12
2014-09-30 06:02:20,2.652994054757396e-12
2014-09-30 06:12:20,2.631884844684156e-12
2014-09-30 06:22:20,2.640317206042286e-12
2014-09-30 06:32:20,2.652761547456188e-12
2014-09-30 06:42:20,2.6536134314347325e-12
2014-09-30 06:52:20,2.635255951201461e-12
2014-09-30 07:02:20,2.5901076543183255e-12
2014-09-30 07:12:20,2.585666163501284e-12
2014-09-30 07:22:20,2.6065278258448727e-12
2014-09-30 07:32:20,2.611325499935519e-12
2014-09-30 07:42:20,2.594704009153523e-12
2014-09-30 07:52:20,2.616098631921272e-12
2014-09-30 08:02:20,2.618437597256695e-12
2014-09-30 08:12:20,2.626332749394204e-12
2014-09-30 08:22:20,2.622858622050048e-12
2014-09-30 08:32:20,2.623955863192757e-12
2014-09-30 08:42:20,2.6125448865290254e-12
2014-09-30 08:52:20,2.6027921639475904e-12
2014-09-30 09:02:20,2.5883346094740158e-12
2014-09-30 09:12:20,2.5920909151655684e-12
2014-09-30 09:22:20,2.595301142461147e-12
2014-09-30 09:32:20,2.5805356217054068e-12
2014-09-30 09:42:20,2.573264458509685e-12
2014-09-30 09:52:20,2.5861847149980185e-12
2014-09-30 10:02:20,2.6125712304600386e-12
2014-09-30 10:12:20,2.626684532292873e-12
2014-09-30 10:22:20,2.629758446671181e-12
2014-09-30 10:32:20,2.6459947242018927e-12
2014-09-30 10:42:20,2.687484752522207e-12
2014-09-30 10:52:20,2.712570029343612e-12
2014-09-30 11:02:20,2.7150367742957872e-12
2014-09-30 11:12:20,2.712158167303428e-12
2014-09-30 11:22:20,2.7441213446394078e-12
2014-09-30 11:32:20,2.8105527740964186e-12
2014-09-30 11:42:20,2.821905921870837e-12
2014-09-30 11:52:20,2.8255113223877213e-12
2014-09-30 12:02:20,2.8351326245583984e-12
2014-09-30 12:12:20,2.830703291617969e-12
2014-09-30 12:22:20,2.825792935124741e-12
2014-09-30 12:32:20,2.8347811871205148e-12
2014-09-30 12:42:20,2.839296281351252e-12
2014-09-30 12:52:20,2.817984584039375e-12
2014-09-30 13:02:20,2.756126864277004e-12
2014-09-30 13:12:20,2.70048039917091e-12
2014-09-30 13:22:20,2.7054956966593488e-12
2014-09-30 13:32:20,2.7355777420627988e-12
2014-09-30 13:42:20,2.7418425352758517e-12
2014-09-30 13:52:20,2.751839205581916e-12
2014-09-30 14:02:20,2.7500075930783798e-12
2014-09-30 14:12:20,2.7485864111533706e-12
2014-09-30 14:22:20,2.7520349716485432e-12
2014-09-30 14:32:20,2.730022724800803e-12
2014-09-30 14:42:20,2.7426744114734444e-12
2014-09-30 14:52:20,2.741776971955568e-12
2014-09-30 15:02:20,2.7428083317327614e-12
2014-09-30 15:12:20,2.7281670476737585e-12
2014-09-30 15:22:20,2.718352409266058e-12
2014-09-30 15:32:20,2.71098838232997e-12
2014-09-30 15:42:20,2.712904915574455e-12
2014-09-30 15:52:20,2.6934767752067157e-12
2014-09-30 16:02:20,2.7234675391280628e-12
2014-09-30 16:12:20,2.7323607460632555e-12
2014-09-30 16:22:20,2.742894957446572e-12
2014-09-30 16:32:20,2.76243667136863e-12
2014-09-30 16:42:20,2.769416999926324e-12
2014-09-30 16:52:20,2.7823873994326728e-12
2014-09-30 17:02:20,2.763908298719989e-12
2014-09-30 17:12:20,2.7597073237479105e-12
2014-09-30 17:22:20,2.768705191469071e-12
2014-09-30 17:32:20,2.766825163721771e-12
2014-09-30 17:42:20,2.759666268377049e-12
2014-09-30 17:52:20,2.7460915808565334e-12
2014-09-30 18:02:20,2.7497840218228784e-12
2014-09-30 18:12:20,2.7672481281295895e-12
2014-09-30 18:22:20,2.7836440286948538e-12
2014-09-30 18:32:20,2.8029796462220137e-12
2014-09-30 18:42:20,2.797370247079337e-12
2014-09-30 18:52:20,2.8054898036564387e-12
2014-09-30 19:02:20,2.800982340652429e-12
2014-09-30 19:12:20,2.7879566728658125e-12
2014-09-30 19:22:20,2.7540823410824438e-12
2014-09-30 19:32:20,2.729518986640682e-12
2014-09-30 19:42:20,2.7357374318539947e-12
2014-09-30 19:52:20,2.73674163003881e-12
2014-09-30 20:02:20,2.7272818878460854e-12
2014-09-30 20:12:20,2.7181730949707694e-12
2014-09-30 20:22:20,2.716435881906296e-12
2014-09-30 20:32:20,2.7221035405966786e-12
2014-09-30 20:42:20,2.723951098164559e-12
2014-09-30 20:52:20,2.7217939171427964e-12
2014-09-30 21:02:20,2.727876987407605e-12
2014-09-30 21:12:20,2.7161867383975795e-12
2014-09-30 21:22:20,2.6837667128001883e-12
2014-09-30 21:32:20,2.6798445990608897e-12
2014-09-30 21:42:20,2.684548353476233e-12
2014-09-30 21:52:20,2.6746508773283133e-12
2014-09-30 22:02:20,2.673748422407731e-12
2014-09-30 22:12:20,2.6907509764053897e-12
2014-09-30 22:22:20,2.7320043223856518e-12
2014-09-30 22:32:20,2.77121722929794e-12
2014-09-30 22:42:20,2.79151206957798e-12
2014-09-30 22:52:20,2.766476301341661e-12
2014-09-30 23:02:20,2.757790213743556e-12
2014-09-30 23:12:20,2.7476432352140925e-12
2014-09-30 23:22:20,2.730118229287901e-12
2014-09-30 23:32:20,2.7452989891188848e-12
2014-09-30 23:42:20,2.7516663357254823e-12
2014-09-30 23:52:20,2.7584222109551376e-12
2014-10-01 00:02:20,2.7581336423353547e-12
2014-10-01 00:12:20,2.7590130703072038e-12
2014-10-01 00:22:20,2.757952391695135e-12
2014-10-01 00:32:20,2.765955999728389e-12
2014-10-01 00:42:20,2.7877964564154705e-12
2014-10-01 00:52:20,2.8178107727035803e-12
2014-10-01 01:02:20,2.8225575946661095e-12
2014-10-01 01:12:20,2.824956019540547e-12
2014-10-01 01:22:20,2.820320901722249e-12
2014-10-01 01:32:20,2.803407614398892e-12
2014-10-01 01:42:20,2.793032479000793e-12
2014-10-01 01:52:20,2.7923196727847184e-12
2014-10-01 02:02:20,2.8016436077038128e-12
2014-10-01 02:12:20,2.7794022575780897e-12
2014-10-01 02:22:20,2.7402165787326685e-12
2014-10-01 02:32:20,2.7310380028803173e-12
2014-10-01 02:42:20,2.730148004992617e-12
2014-10-01 02:52:20,2.733228292063004e-12
2014-10-01 03:02:20,2.719044623945901e-12
2014-10-01 03:12:20,2.7223786732118645e-12
2014-10-01 03:22:20,2.722378525350077e-12
2014-10-01 03:32:20,2.7064909953711464e-12
2014-10-01 03:42:20,2.702951119542363e-12
2014-10-01 03:52:20,2.7128273275142748e-12
2014-10-01 04:02:20,2.711841441983438e-12
2014-10-01 04:12:20,2.6914628934308797e-12
2014-10-01 04:22:20,2.6676821645439623e-12
2014-10-01 04:32:20,2.669866246467353e-12
2014-10-01 04:42:20,2.6745935772728805e-12
2014-10-01 04:52:20,2.660909409111444e-12
2014-10-01 05:02:20,2.626885110790113e-12
2014-10-01 05:12:20,2.629322393178432e-12
2014-10-01 05:22:20,2.652169461229546e-12
2014-10-01 05:32:20,2.64974761780076e-12
2014-10-01 05:42:20,2.646044224463524e-12
2014-10-01 05:52:20,2.642291806239157e-12
2014-10-01 06:02:20,2.6448441713295854e-12
2014-10-01 06:12:20,2.6486105942758988e-12
2014-10-01 06:22:20,2.6279848903974908e-12
2014-10-01 06:32:20,2.626936249194076e-12
2014-10-01 06:42:20,2.6383049099040465e-12
2014-10-01 06:52:20,2.628046723566578e-12
2014-10-01 07:02:20,2.636971072466268e-12
2014-10-01 07:12:20,2.648749076007097e-12
2014-10-01 07:22:20,2.6661528057410518e-12
2014-10-01 07:32:20,2.656961715264988e-12
2014-10-01 07:42:20,2.605557544531825e-12
2014-10-01 07:52:20,2.5897554372424745e-12
2014-10-01 08:02:20,2.5984851578659858e-12
2014-10-01 08:12:20,2.609685703404644e-12
2014-10-01 08:22:20,2.599350030244582e-12
2014-10-01 08:32:20,2.586104851534425e-12
2014-10-01 08:42:20,2.5742654626064158e-12
2014-10-01 08:52:20,2.579284680467733e-12
2014-10-01 09:02:20,2.583509645726642e-12
2014-10-01 09:12:20,2.593143040714399e-12
2014-10-01 09:22:20,2.579675004044421e-12
2014-10-01 09:32:20,2.5876152589319442e-12
2014-10-01 09:42:20,2.589605768043817e-12
2014-10-01 09:52:20,2.589871795889496e-12
2014-10-01 10:02:20,2.5998992991744885e-12
2014-10-01 10:12:20,2.5952575551056946e-12
2014-10-01 10:22:20,2.571938571458641e-12
2014-10-01 10:32:20,2.5676398533446475e-12
2014-10-01 10:42:20,2.5932058334073418e-12
2014-10-01 10:52:20,2.633322726574836e-12
2014-10-01 11:02:20,2.641663041367207e-12
2014-10-01 11:12:20,2.637161562291362e-12
2014-10-01 11:22:20,2.651931256473005e-12
2014-10-01 11:32:20,2.666150816159962e-12
2014-10-01 11:42:20,2.6824129070929547e-12
2014-10-01 11:52:20,2.6765246192376638e-12
2014-10-01 12:02:20,2.661584511551992e-12
2014-10-01 12:12:20,2.6610200810835042e-12
2014-10-01 12:22:20,2.6434435574822044e-12
2014-10-01 12:32:20,2.642964327424088e-12
2014-10-01 12:42:20,2.6490089532351293e-12
2014-10-01 12:52:20,2.670951674178645e-12
2014-10-01 13:02:20,2.7024062469480746e-12
2014-10-01 13:12:20,2.732339802163481e-12
2014-10-01 13:22:20,2.7540734377910227e-12
2014-10-01 13:32:20,2.7686311044438937e-12
2014-10-01 13:42:20,2.75886962270406e-12
2014-10-01 13:52:20,2.7459941677796257e-12
2014-10-01 14:02:20,2.741715559520685e-12
2014-10-01 14:12:20,2.7323627692398707e-12
2014-10-01 14:22:20,2.7301603550325567e-12
2014-10-01 14:32:20,2.735895933658337e-12
2014-10-01 14:42:20,2.750913847171454e-12
2014-10-01 14:52:20,2.7549599605207585e-12
2014-10-01 15:02:20,2.7653847396006575e-12
2014-10-01 15:12:20,2.768866625846036e-12
2014-10-01 15:22:20,2.7562048027062747e-12
2014-10-01 15:32:20,2.7810156288239333e-12
2014-10-01 15:42:20,2.792955200920789e-12
2014-10-01 15:52:20,2.7974044420786094e-12
2014-10-01 16:02:20,2.772725900362342e-12
2014-10-01 16:12:20,2.7474855419275047e-12
2014-10-01 16:22:20,2.734387016564424e-12
2014-10-01 16:32:20,2.7195967251782214e-12
2014-10-01 16:42:20,2.709993281396967e-12
2014-10-01 16:52:20,2.7110642011107654e-12
2014-10-01 17:02:20,2.69979599780533e-12
2014-10-01 17:12:20,2.7132718753445527e-12
2014-10-01 17:22:20,2.7318281135756868e-12
2014-10-01 17:32:20,2.7556640801282297e-12
2014-10-01 17:42:20,2.761996168206849e-12
2014-10-01 17:52:20,2.773066181416288e-12
2014-10-01 18:02:20,2.775945375577613e-12
2014-10-01 18:12:20,2.7812485409566695e-12
2014-10-01 18:22:20,2.7598729234544495e-12
2014-10-01 18:32:20,2.7404560764614456e-12
2014-10-01 18:42:20,2.7277136708841258e-12
2014-10-01 18:52:20,2.7266883206940283e-12
2014-10-01 19:02:20,2.738655216816339e-12
2014-10-01 19:12:20,2.744050335265561e-12
2014-10-01 19:22:20,2.7263203939772805e-12
2014-10-01 19:32:20,2.7186110106561575e-12
2014-10-01 19:42:20,2.718354943416867e-12
2014-10-01 19:52:20,2.7195666998244588e-12
2014-10-01 20:02:20,2.7124997343589725e-12
2014-10-01 20:12:20,2.6926255155356517e-12
2014-10-01 20:22:20,2.674719793261237e-12
2014-10-01 20:32:20,2.6699041707693776e-12
2014-10-01 20:42:20,2.659136855034725e-12
2014-10-01 20:52:20,2.649356959029679e-12
2014-10-01 21:02:20,2.626266169465799e-12
2014-10-01 21:12:20,2.6120176200226174e-12
2014-10-01 21:22:20,2.6047419542891067e-12
2014-10-01 21:32:20,2.6201720772813546e-12
2014-10-01 21:42:20,2.6448152935781055e-12
2014-10-01 21:52:20,2.6512337700729e-12
2014-10-01 22:02:20,2.6568100276889585e-12
2014-10-01 22:12:20,2.629873578714661e-12
2014-10-01 22:22:20,2.6200297437882637e-12
2014-10-01 22:32:20,2.6127313049130904e-12
2014-10-01 22:42:20,2.6069884908199042e-12
2014-10-01 22:52:20,2.6141041234280938e-12
2014-10-01 23:02:20,2.6271537306630997e-12
2014-10-01 23:12:20,2.6383309710853725e-12
2014-10-01 23:22:20,2.65368611389618e-12
2014-10-01 23:32:20,2.670109837498611e-12
2014-10-01 23:42:20,2.6672698244313058e-12
2014-10-01 23:52:20,2.6627063545471883e-12
2014-10-02 00:02:20,2.6673338971944998e-12
2014-10-02 00:12:20,2.6725580711004813e-12
2014-10-02 00:22:20,2.675483155088455e-12
2014-10-02 00:32:20,2.669556239157277e-12
2014-10-02 00:42:20,2.6740321965224557e-12
2014-10-02 00:52:20,2.6885126560603425e-12
2014-10-02 01:02:20,2.673580711782516e-12
2014-10-02 01:12:20,2.6696159073999506e-12
2014-10-02 01:22:20,2.670039292241776e-12
2014-10-02 01:32:20,2.6668267100622272e-12
2014-10-02 01:42:20,2.661059619640639e-12
2014-10-02 01:52:20,2.66544689424252e-12
2014-10-02 02:02:20,2.671157725770072e-12
2014-10-02 02:12:20,2.668169650376351e-12
2014-10-02 02:22:20,2.658199936594877e-12
2014-10-02 02:32:20,2.6453419528435186e-12
2014-10-02 02:42:20,2.632340821758577e-12
2014-10-02 02:52:20,2.6289623309050197e-12
2014-10-02 03:02:20,2.6314864970960614e-12
2014-10-02 03:12:20,2.628965201255969e-12
2014-10-02 03:22:20,2.623159067303407e-12
2014-10-02 03:32:20,2.625079514166654e-12
2014-10-02 03:42:20,2.6148780753688478e-12
2014-10-02 03:52:20,2.603337148384727e-12
2014-10-02 04:02:20,2.597241353636307e-12
2014-10-02 04:12:20,2.592264925871231e-12
2014-10-02 04:22:20,2.5937335551055867e-12
2014-10-02 04:32:20,2.597314409390182e-12
2014-10-02 04:42:20,2.5984990503396495e-12
2014-10-02 04:52:20,2.596920471439667e-12
2014-10-02 05:02:20,2.591093974013281e-12
2014-10-02 05:12:20,2.5838964288080026e-12
2014-10-02 05:22:20,2.5808089582837057e-12
2014-10-02 05:32:20,2.5650955451585647e-12
2014-10-02 05:42:20,2.5550352595934853e-12
2014-10-02 05:52:20,2.542276109253961e-12
2014-10-02 06:02:20,2.5350670071487734e-12
2014-10-02 06:12:20,2.5307488430557227e-12
2014-10-02 06:22:20,2.5409020251583685e-12
2014-10-02 06:32:20,2.5495813158007197e-12
2014-10-02 06:42:20,2.5457101264782765e-12
2014-10-02 06:52:20,2.5302574630313035e-12
2014-10-02 07:02:20,2.509956171193785e-12
2014-10-02 07:12:20,2.491842947347192e-12
2014-10-02 07:22:20,2.4973667148891533e-12
2014-10-02 07:32:20,2.5118034071369905e-12
2014-10-02 07:42:20,2.5262270575059287e-12
2014-10-02 07:52:20,2.528843048218276e-12
2014-10-02 08:02:20,2.520698195020832e-12
2014-10-02 08:12:20,2.5186183725667815e-12
2014-10-02 08:22:20,2.5241390605551385e-12
2014-10-02 08:32:20,2.525436608360769e-12
2014-10-02 08:42:20,2.510966225479631e-12
2014-10-02 08:52:20,2.499455974792245e-12
2014-10-02 09:02:20,2.495851125624165e-12
2014-10-02 09:12:20,2.4931346837269568e-12
2014-10-02 09:22:20,2.49521889694268e-12
2014-10-02 09:32:20,2.4770450161152936e-12
2014-10-02 09:42:20,2.468213398747939e-12
2014-10-02 09:52:20,2.480193238015944e-12
2014-10-02 10:02:20,2.492298468806287e-12
2014-10-02 10:12:20,2.487743749557981e-12
2014-10-02 10:22:20,2.480615682009468e-12
2014-10-02 10:32:20,2.4854272891744263e-12
2014-10-02 10:42:20,2.507765200316352e-12
2014-10-02 10:52:20,2.5248627317626625e-12
2014-10-02 11:02:20,2.5223952131276454e-12
2014-10-02 11:12:20,2.5193862113767898e-12
2014-10-02 11:22:20,2.505762228065108e-12
2014-10-02 11:32:20,2.508336994547864e-12
2014-10-02 11:42:20,2.513084636693252e-12
2014-10-02 11:52:20,2.5093824394516746e-12
2014-10-02 12:02:20,2.518883369752721e-12
