Timestamp,Orbit Mean Density (kg/m^3)
2004-10-17 23:11:50,2.557783682399109e-13
2004-10-17 23:21:50,2.576582335226693e-13
2004-10-17 23:31:50,2.591493956726603e-13
2004-10-17 23:41:50,2.5854609449396097e-13
2004-10-17 23:51:50,2.582050823612405e-13
2004-10-18 00:01:50,2.590134035855629e-13
2004-10-18 00:11:50,2.599694069940898e-13
2004-10-18 00:21:50,2.574116806160837e-13
2004-10-18 00:31:50,2.541423260468003e-13
2004-10-18 00:41:50,2.527868680908588e-13
2004-10-18 00:51:50,2.53494166104113e-13
2004-10-18 01:01:50,2.544213584906025e-13
2004-10-18 01:11:50,2.541922629302885e-13
2004-10-18 01:21:50,2.543720401156372e-13
2004-10-18 01:31:50,2.5595275248104253e-13
2004-10-18 01:41:50,2.574696213245744e-13
2004-10-18 01:51:50,2.579128992907227e-13
2004-10-18 02:01:50,2.571807287375432e-13
2004-10-18 02:11:50,2.5705273246829614e-13
2004-10-18 02:21:50,2.582126839345851e-13
2004-10-18 02:31:50,2.5898238242980455e-13
2004-10-18 02:41:50,2.599078817582537e-13
2004-10-18 02:51:50,2.590579606824847e-13
2004-10-18 03:01:50,2.574881252131496e-13
2004-10-18 03:11:50,2.5485531370810385e-13
2004-10-18 03:21:50,2.539171555293872e-13
2004-10-18 03:31:50,2.559815565319896e-13
2004-10-18 03:41:50,2.56339555600056e-13
2004-10-18 03:51:50,2.555007968367658e-13
2004-10-18 04:01:50,2.561025174612825e-13
2004-10-18 04:11:50,2.536332141040773e-13
2004-10-18 04:21:50,2.506570826934675e-13
2004-10-18 04:31:50,2.500046599744764e-13
2004-10-18 04:41:50,2.493722940033675e-13
2004-10-18 04:51:50,2.484092854892963e-13
2004-10-18 05:01:50,2.487974880441779e-13
2004-10-18 05:11:50,2.4916907052697253e-13
2004-10-18 05:21:50,2.475321920598252e-13
2004-10-18 05:31:50,2.4750441492531534e-13
2004-10-18 05:41:50,2.478048265713948e-13
2004-10-18 05:51:50,2.45350178815182e-13
2004-10-18 06:01:50,2.4499537451052973e-13
2004-10-18 06:11:50,2.461687438482819e-13
2004-10-18 06:21:50,2.46135813464468e-13
2004-10-18 06:31:50,2.4457550579725305e-13
2004-10-18 06:41:50,2.437433704279196e-13
2004-10-18 06:51:50,2.442453032392654e-13
2004-10-18 07:01:50,2.441138321658195e-13
2004-10-18 07:11:50,2.431557945479344e-13
2004-10-18 07:21:50,2.4463111693584305e-13
2004-10-18 07:31:50,2.4761597934965454e-13
2004-10-18 07:41:50,2.485720628401672e-13
2004-10-18 07:51:50,2.4864609673464665e-13
2004-10-18 08:01:50,2.486033423526054e-13
2004-10-18 08:11:50,2.47886624959862e-13
2004-10-18 08:21:50,2.4766117436246493e-13
2004-10-18 08:31:50,2.479944131702402e-13
2004-10-18 08:41:50,2.473829667284867e-13
2004-10-18 08:51:50,2.4694173355169684e-13
2004-10-18 09:01:50,2.454787257888049e-13
2004-10-18 09:11:50,2.448710535506687e-13
2004-10-18 09:21:50,2.456198701654456e-13
2004-10-18 09:31:50,2.4638792235521524e-13
2004-10-18 09:41:50,2.433510333343972e-13
2004-10-18 09:51:50,2.4132357608189763e-13
2004-10-18 10:01:50,2.428494587332501e-13
2004-10-18 10:11:50,2.4390124463015073e-13
2004-10-18 10:21:50,2.467037812877272e-13
2004-10-18 10:31:50,2.495917404357229e-13
2004-10-18 10:41:50,2.497093121574373e-13
2004-10-18 10:51:50,2.5094006669570233e-13
2004-10-18 11:01:50,2.5211861096037777e-13
2004-10-18 11:11:50,2.51577865735205e-13
2004-10-18 11:21:50,2.5322815902335254e-13
2004-10-18 11:31:50,2.549737924598051e-13
2004-10-18 11:41:50,2.547113369289385e-13
2004-10-18 11:51:50,2.545302475608452e-13
2004-10-18 12:01:50,2.534959785492801e-13
2004-10-18 12:11:50,2.5257324231323186e-13
2004-10-18 12:21:50,2.5548010982634153e-13
2004-10-18 12:31:50,2.550165514252543e-13
2004-10-18 12:41:50,2.545096093666976e-13
2004-10-18 12:51:50,2.5589890572034306e-13
2004-10-18 13:01:50,2.556203121393717e-13
2004-10-18 13:11:50,2.5645833083991824e-13
2004-10-18 13:21:50,2.5788109255994653e-13
2004-10-18 13:31:50,2.570296144516557e-13
2004-10-18 13:41:50,2.5797049832440213e-13
2004-10-18 13:51:50,2.602562868131559e-13
2004-10-18 14:01:50,2.6185181016047415e-13
2004-10-18 14:11:50,2.6215188651144145e-13
2004-10-18 14:21:50,2.62377128652288e-13
2004-10-18 14:31:50,2.630123158789369e-13
2004-10-18 14:41:50,2.6667905805092753e-13
2004-10-18 14:51:50,2.672901452758483e-13
2004-10-18 15:01:50,2.675319915698473e-13
2004-10-18 15:11:50,2.6714023172731214e-13
2004-10-18 15:21:50,2.703997587035863e-13
2004-10-18 15:31:50,2.717164544233243e-13
2004-10-18 15:41:50,2.7285916042304453e-13
2004-10-18 15:51:50,2.736748253716897e-13
2004-10-18 16:01:50,2.725239768478419e-13
2004-10-18 16:11:50,2.739572234694985e-13
2004-10-18 16:21:50,2.746993260355588e-13
2004-10-18 16:31:50,2.741393491538921e-13
2004-10-18 16:41:50,2.7676756557419453e-13
2004-10-18 16:51:50,2.785339266787872e-13
2004-10-18 17:01:50,2.7942035220593725e-13
2004-10-18 17:11:50,2.824384474982067e-13
2004-10-18 17:21:50,2.840414457679538e-13
2004-10-18 17:31:50,2.869490805837427e-13
2004-10-18 17:41:50,2.899862194086456e-13
2004-10-18 17:51:50,2.927707176742246e-13
2004-10-18 18:01:50,2.9204193572727964e-13
2004-10-18 18:11:50,2.915422900784944e-13
2004-10-18 18:21:50,2.917675334325766e-13
2004-10-18 18:31:50,2.9047070200520725e-13
2004-10-18 18:41:50,2.9204979645783413e-13
2004-10-18 18:51:50,2.90854864938532e-13
2004-10-18 19:01:50,2.922811472327785e-13
2004-10-18 19:11:50,2.92978767662458e-13
2004-10-18 19:21:50,2.9383985756593773e-13
2004-10-18 19:31:50,2.927109131638325e-13
2004-10-18 19:41:50,2.9119085657269377e-13
2004-10-18 19:51:50,2.8932412458728724e-13
2004-10-18 20:01:50,2.917405957169547e-13
2004-10-18 20:11:50,2.948835435763248e-13
2004-10-18 20:21:50,2.9755228594522643e-13
2004-10-18 20:31:50,2.963369124759888e-13
2004-10-18 20:41:50,2.9593872219333813e-13
2004-10-18 20:51:50,2.953611905961641e-13
2004-10-18 21:01:50,2.963343811836856e-13
2004-10-18 21:11:50,2.978381298612582e-13
2004-10-18 21:21:50,2.99284303309886e-13
2004-10-18 21:31:50,3.010147092274029e-13
2004-10-18 21:41:50,3.001332035841051e-13
2004-10-18 21:51:50,3.001355638471166e-13
2004-10-18 22:01:50,3.0065261221557975e-13
2004-10-18 22:11:50,3.03390688095106e-13
2004-10-18 22:21:50,3.0888532164262463e-13
2004-10-18 22:31:50,3.100142468721777e-13
2004-10-18 22:41:50,3.096148151864346e-13
2004-10-18 22:51:50,3.074210984055938e-13
2004-10-18 23:01:50,3.0941766266267056e-13
2004-10-18 23:11:50,3.082873439765817e-13
2004-10-18 23:21:50,3.0644801380436733e-13
2004-10-18 23:31:50,3.068359388576594e-13
2004-10-18 23:41:50,3.093913947585924e-13
2004-10-18 23:51:50,3.0863186550979444e-13
2004-10-19 00:01:50,3.068059357751783e-13
2004-10-19 00:11:50,3.088735092788689e-13
2004-10-19 00:21:50,3.120582526316552e-13
2004-10-19 00:31:50,3.1086122216650937e-13
2004-10-19 00:41:50,3.13588782639048e-13
2004-10-19 00:51:50,3.141793914309706e-13
2004-10-19 01:01:50,3.10849176793594e-13
2004-10-19 01:11:50,3.1173758120217565e-13
2004-10-19 01:21:50,3.109933243654439e-13
2004-10-19 01:31:50,3.057657407752415e-13
2004-10-19 01:41:50,3.031182679144083e-13
2004-10-19 01:51:50,3.0527872567532033e-13
2004-10-19 02:01:50,3.0821770005824097e-13
2004-10-19 02:11:50,3.098497592755419e-13
2004-10-19 02:21:50,3.09357396947726e-13
2004-10-19 02:31:50,3.095104596056636e-13
2004-10-19 02:41:50,3.114523789356265e-13
2004-10-19 02:51:50,3.120519738817029e-13
2004-10-19 03:01:50,3.115416502841922e-13
2004-10-19 03:11:50,3.0801342384576823e-13
2004-10-19 03:21:50,3.066295236858168e-13
2004-10-19 03:31:50,3.087431008245086e-13
2004-10-19 03:41:50,3.117288035526437e-13
2004-10-19 03:51:50,3.145189191278204e-13
2004-10-19 04:01:50,3.164146235072668e-13
2004-10-19 04:11:50,3.160789332825503e-13
2004-10-19 04:21:50,3.1741841331738295e-13
2004-10-19 04:31:50,3.176065207156436e-13
2004-10-19 04:41:50,3.229851363125433e-13
2004-10-19 04:51:50,3.236588995652708e-13
2004-10-19 05:01:50,3.2423999994761453e-13
2004-10-19 05:11:50,3.2557083782720125e-13
2004-10-19 05:21:50,3.257927051101427e-13
2004-10-19 05:31:50,3.244291119026177e-13
2004-10-19 05:41:50,3.232851083246165e-13
2004-10-19 05:51:50,3.2110836858096445e-13
2004-10-19 06:01:50,3.174325350591248e-13
2004-10-19 06:11:50,3.142703812529771e-13
2004-10-19 06:21:50,3.13486348088731e-13
2004-10-19 06:31:50,3.10122466458565e-13
2004-10-19 06:41:50,3.083559264482492e-13
2004-10-19 06:51:50,3.084371124531519e-13
2004-10-19 07:01:50,3.1082986930814666e-13
2004-10-19 07:11:50,3.13213659225638e-13
2004-10-19 07:21:50,3.1257783160106625e-13
2004-10-19 07:31:50,3.115769096328526e-13
2004-10-19 07:41:50,3.111174341316853e-13
2004-10-19 07:51:50,3.123916404558701e-13
2004-10-19 08:01:50,3.11584309282704e-13
2004-10-19 08:11:50,3.088173085637956e-13
2004-10-19 08:21:50,3.069789734392911e-13
2004-10-19 08:31:50,3.0702348969983134e-13
2004-10-19 08:41:50,3.0622754463483854e-13
2004-10-19 08:51:50,3.072731908580389e-13
2004-10-19 09:01:50,3.0704032343006543e-13
2004-10-19 09:11:50,3.063089686204871e-13
2004-10-19 09:21:50,3.0202871656482494e-13
2004-10-19 09:31:50,3.038505778276754e-13
2004-10-19 09:41:50,3.054375173267602e-13
2004-10-19 09:51:50,3.052619160042165e-13
2004-10-19 10:01:50,3.039577072381871e-13
2004-10-19 10:11:50,3.035899184789518e-13
2004-10-19 10:21:50,3.0281362721932e-13
2004-10-19 10:31:50,3.0152041771385586e-13
2004-10-19 10:41:50,3.029874417315723e-13
2004-10-19 10:51:50,3.035256658424722e-13
2004-10-19 11:01:50,3.048917965778709e-13
2004-10-19 11:11:50,3.068178836916869e-13
2004-10-19 11:21:50,3.080127917472964e-13
2004-10-19 11:31:50,3.078465080753027e-13
2004-10-19 11:41:50,3.041517398496983e-13
2004-10-19 11:51:50,3.042466491962421e-13
2004-10-19 12:01:50,3.091195383986751e-13
2004-10-19 12:11:50,3.1293249267757133e-13
2004-10-19 12:21:50,3.132803140533903e-13
2004-10-19 12:31:50,3.1110206889296385e-13
2004-10-19 12:41:50,3.1063303432167633e-13
2004-10-19 12:51:50,3.166635832937905e-13
2004-10-19 13:01:50,3.1728387288776725e-13
2004-10-19 13:11:50,3.16342647909321e-13
2004-10-19 13:21:50,3.1909302063171774e-13
2004-10-19 13:31:50,3.20879039945281e-13
2004-10-19 13:41:50,3.176357896770556e-13
2004-10-19 13:51:50,3.186870363308875e-13
2004-10-19 14:01:50,3.1994009305554644e-13
2004-10-19 14:11:50,3.213841587625329e-13
2004-10-19 14:21:50,3.2316385955887014e-13
2004-10-19 14:31:50,3.2423308156684777e-13
2004-10-19 14:41:50,3.23986612744158e-13
2004-10-19 14:51:50,3.24884435865912e-13
2004-10-19 15:01:50,3.286399656440617e-13
2004-10-19 15:11:50,3.361218701901056e-13
2004-10-19 15:21:50,3.396796737986209e-13
2004-10-19 15:31:50,3.392541831844164e-13
2004-10-19 15:41:50,3.415482463207814e-13
2004-10-19 15:51:50,3.431722483764164e-13
2004-10-19 16:01:50,3.379290522914408e-13
2004-10-19 16:11:50,3.3911043807702634e-13
2004-10-19 16:21:50,3.4453575738548213e-13
2004-10-19 16:31:50,3.447126831828064e-13
2004-10-19 16:41:50,3.423997481404242e-13
2004-10-19 16:51:50,3.389948906641598e-13
2004-10-19 17:01:50,3.401744137303636e-13
2004-10-19 17:11:50,3.433455919066825e-13
2004-10-19 17:21:50,3.471646356995804e-13
2004-10-19 17:31:50,3.417318262789475e-13
2004-10-19 17:41:50,3.393862470532278e-13
2004-10-19 17:51:50,3.380838346557942e-13
2004-10-19 18:01:50,3.371553982214438e-13
2004-10-19 18:11:50,3.379546015424524e-13
2004-10-19 18:21:50,3.375970828233972e-13
2004-10-19 18:31:50,3.380230297264893e-13
2004-10-19 18:41:50,3.407082007266017e-13
2004-10-19 18:51:50,3.418356769680734e-13
2004-10-19 19:01:50,3.382732524054462e-13
2004-10-19 19:11:50,3.368972121668489e-13
2004-10-19 19:21:50,3.381762736999688e-13
2004-10-19 19:31:50,3.435089065325488e-13
2004-10-19 19:41:50,3.487606577101036e-13
2004-10-19 19:51:50,3.5352203312816695e-13
2004-10-19 20:01:50,3.529010208689137e-13
2004-10-19 20:11:50,3.525071412515248e-13
2004-10-19 20:21:50,3.49043903046986e-13
2004-10-19 20:31:50,3.488731475084568e-13
2004-10-19 20:41:50,3.493848367193157e-13
2004-10-19 20:51:50,3.5205344085385773e-13
2004-10-19 21:01:50,3.549881381909646e-13
2004-10-19 21:11:50,3.570204763907818e-13
2004-10-19 21:21:50,3.588867410982756e-13
2004-10-19 21:31:50,3.6252751420575785e-13
2004-10-19 21:41:50,3.6387509452261144e-13
2004-10-19 21:51:50,3.653846004514927e-13
2004-10-19 22:01:50,3.664177219665561e-13
2004-10-19 22:11:50,3.72789153985438e-13
2004-10-19 22:21:50,3.7778111542701153e-13
2004-10-19 22:31:50,3.7853167237650754e-13
2004-10-19 22:41:50,3.7748751196321443e-13
2004-10-19 22:51:50,3.742272028809109e-13
2004-10-19 23:01:50,3.664512548895434e-13
2004-10-19 23:11:50,3.671167360698061e-13
2004-10-19 23:21:50,3.706936955248578e-13
2004-10-19 23:31:50,3.724982246076863e-13
2004-10-19 23:41:50,3.71568167947861e-13
2004-10-19 23:51:50,3.702383148157186e-13
2004-10-20 00:01:50,3.7222712566095823e-13
2004-10-20 00:11:50,3.7331645234428957e-13
2004-10-20 00:21:50,3.7188526339869234e-13
2004-10-20 00:31:50,3.7054089901895977e-13
2004-10-20 00:41:50,3.7259710711567353e-13
2004-10-20 00:51:50,3.7119185005044233e-13
2004-10-20 01:01:50,3.7295544514428724e-13
2004-10-20 01:11:50,3.7016039020259024e-13
2004-10-20 01:21:50,3.7128992356821613e-13
2004-10-20 01:31:50,3.7256879881117284e-13
2004-10-20 01:41:50,3.724891498118616e-13
2004-10-20 01:51:50,3.74921333669685e-13
2004-10-20 02:01:50,3.760201641937265e-13
2004-10-20 02:11:50,3.763315681667459e-13
2004-10-20 02:21:50,3.781431282387394e-13
2004-10-20 02:31:50,3.777975457150327e-13
2004-10-20 02:41:50,3.788821862952223e-13
2004-10-20 02:51:50,3.8223459872370803e-13
2004-10-20 03:01:50,3.8594976616386773e-13
2004-10-20 03:11:50,3.905427273266574e-13
2004-10-20 03:21:50,3.9188388153627973e-13
2004-10-20 03:31:50,3.9500886620792323e-13
2004-10-20 03:41:50,4.022920550132473e-13
2004-10-20 03:51:50,4.0752750380875833e-13
2004-10-20 04:01:50,4.1057147379703193e-13
2004-10-20 04:11:50,4.1210500052049683e-13
2004-10-20 04:21:50,4.158839996246602e-13
2004-10-20 04:31:50,4.16565661604877e-13
2004-10-20 04:41:50,4.1609902943954964e-13
2004-10-20 04:51:50,4.202904498853016e-13
2004-10-20 05:01:50,4.2028257231461123e-13
2004-10-20 05:11:50,4.241910311993616e-13
2004-10-20 05:21:50,4.275903729671868e-13
2004-10-20 05:31:50,4.276560680743865e-13
2004-10-20 05:41:50,4.274962336058027e-13
2004-10-20 05:51:50,4.274528129560804e-13
2004-10-20 06:01:50,4.308777101948926e-13
2004-10-20 06:11:50,4.3128062119521174e-13
2004-10-20 06:21:50,4.308720449489401e-13
2004-10-20 06:31:50,4.352397704202336e-13
2004-10-20 06:41:50,4.404548987305037e-13
2004-10-20 06:51:50,4.4151383129453835e-13
2004-10-20 07:01:50,4.357678973528511e-13
2004-10-20 07:11:50,4.350070854376491e-13
2004-10-20 07:21:50,4.364064816492889e-13
2004-10-20 07:31:50,4.34694000410339e-13
2004-10-20 07:41:50,4.2901728845485604e-13
2004-10-20 07:51:50,4.21477942101041e-13
2004-10-20 08:01:50,4.200026740659757e-13
2004-10-20 08:11:50,4.1755858353896873e-13
2004-10-20 08:21:50,4.107506274509954e-13
2004-10-20 08:31:50,4.0858103471607443e-13
2004-10-20 08:41:50,4.0944194139074713e-13
2004-10-20 08:51:50,4.0887114291469223e-13
2004-10-20 09:01:50,4.100077277875176e-13
2004-10-20 09:11:50,4.063421958971884e-13
2004-10-20 09:21:50,4.0629327053543684e-13
2004-10-20 09:31:50,4.065900593669524e-13
2004-10-20 09:41:50,4.093841508621266e-13
2004-10-20 09:51:50,4.069405512957549e-13
2004-10-20 10:01:50,4.106123704083244e-13
2004-10-20 10:11:50,4.131524512800205e-13
2004-10-20 10:21:50,4.099655346337857e-13
2004-10-20 10:31:50,4.0867500492931874e-13
2004-10-20 10:41:50,4.1582187569798005e-13
2004-10-20 10:51:50,4.19465960711448e-13
2004-10-20 11:01:50,4.234633584251925e-13
2004-10-20 11:11:50,4.216940064053105e-13
2004-10-20 11:21:50,4.2061039241467244e-13
2004-10-20 11:31:50,4.279005617726315e-13
2004-10-20 11:41:50,4.323444597915225e-13
2004-10-20 11:51:50,4.3176102534925723e-13
2004-10-20 12:01:50,4.3000385950539984e-13
2004-10-20 12:11:50,4.357284119758442e-13
2004-10-20 12:21:50,4.473473973278287e-13
2004-10-20 12:31:50,4.5045933784404635e-13
2004-10-20 12:41:50,4.502667282792529e-13
2004-10-20 12:51:50,4.496434771136712e-13
2004-10-20 13:01:50,4.618060137608022e-13
2004-10-20 13:11:50,4.6911588947699e-13
2004-10-20 13:21:50,4.716354745403177e-13
2004-10-20 13:31:50,4.729522417552333e-13
2004-10-20 13:41:50,4.762847292304998e-13
2004-10-20 13:51:50,4.803698456746615e-13
2004-10-20 14:01:50,4.845941646293574e-13
2004-10-20 14:11:50,4.874491018238945e-13
2004-10-20 14:21:50,4.899225757407796e-13
2004-10-20 14:31:50,4.972958674539139e-13
2004-10-20 14:41:50,4.959284026126291e-13
2004-10-20 14:51:50,4.967597514198595e-13
2004-10-20 15:01:50,4.999248219326142e-13
2004-10-20 15:11:50,5.04073408406604e-13
2004-10-20 15:21:50,5.028375158781124e-13
2004-10-20 15:31:50,5.11710622733125e-13
2004-10-20 15:41:50,5.147242538458373e-13
2004-10-20 15:51:50,5.215530741118639e-13
2004-10-20 16:01:50,5.277978288917252e-13
2004-10-20 16:11:50,5.205602839844339e-13
2004-10-20 16:21:50,5.11100471084999e-13
2004-10-20 16:31:50,5.146004037919484e-13
2004-10-20 16:41:50,5.209115307623505e-13
2004-10-20 16:51:50,5.198311056106085e-13
2004-10-20 17:01:50,5.005366236170385e-13
2004-10-20 17:11:50,4.816920335054102e-13
2004-10-20 17:21:50,4.883232478481515e-13
2004-10-20 17:31:50,4.940799576931243e-13
2004-10-20 17:41:50,4.875138333433131e-13
2004-10-20 17:51:50,4.943568246124669e-13
2004-10-20 18:01:50,4.970486239456574e-13
2004-10-20 18:11:50,4.977784485850837e-13
2004-10-20 18:21:50,5.010008760099552e-13
2004-10-20 18:31:50,5.081211232537394e-13
2004-10-20 18:41:50,5.10499894932417e-13
2004-10-20 18:51:50,5.043873717864846e-13
2004-10-20 19:01:50,5.057092823262739e-13
2004-10-20 19:11:50,5.054054984975437e-13
2004-10-20 19:21:50,5.082876253780677e-13
2004-10-20 19:31:50,5.105004282331882e-13
2004-10-20 19:41:50,5.096993560687287e-13
2004-10-20 19:51:50,5.062391881117879e-13
2004-10-20 20:01:50,5.055282290851288e-13
2004-10-20 20:11:50,5.096558793801813e-13
2004-10-20 20:21:50,5.101436844105293e-13
2004-10-20 20:31:50,5.06254825173789e-13
2004-10-20 20:41:50,5.010350897017226e-13
2004-10-20 20:51:50,5.048177911484049e-13
2004-10-20 21:01:50,5.062761693293487e-13
2004-10-20 21:11:50,5.031869560720129e-13
2004-10-20 21:21:50,4.977763059987953e-13
2004-10-20 21:31:50,4.962266069084116e-13
2004-10-20 21:41:50,4.978155950575323e-13
2004-10-20 21:51:50,5.034594837174219e-13
2004-10-20 22:01:50,5.011072487178814e-13
2004-10-20 22:11:50,4.980887317358853e-13
2004-10-20 22:21:50,4.940939165764478e-13
2004-10-20 22:31:50,4.94630416537964e-13
2004-10-20 22:41:50,4.941822182955503e-13
2004-10-20 22:51:50,4.97501451503879e-13
2004-10-20 23:01:50,5.026014588969099e-13
