Timestamp,Orbit Mean Density (kg/m^3)
2005-11-30 14:35:20,2.5390787478180734e-13
2005-11-30 14:45:20,2.550494762042409e-13
2005-11-30 14:55:20,2.556080123458528e-13
2005-11-30 15:05:20,2.5757000660615213e-13
2005-11-30 15:15:20,2.570663883844178e-13
2005-11-30 15:25:20,2.561052829078996e-13
2005-11-30 15:35:20,2.56869193338916e-13
2005-11-30 15:45:20,2.5717980026914153e-13
2005-11-30 15:55:20,2.551438852836454e-13
2005-11-30 16:05:20,2.516111346884173e-13
2005-11-30 16:15:20,2.492163691874484e-13
2005-11-30 16:25:20,2.483214877056236e-13
2005-11-30 16:35:20,2.4577576662501104e-13
2005-11-30 16:45:20,2.437985584917703e-13
2005-11-30 16:55:20,2.444125423605525e-13
2005-11-30 17:05:20,2.438007614824099e-13
2005-11-30 17:15:20,2.4118221198052533e-13
2005-11-30 17:25:20,2.368150196216092e-13
2005-11-30 17:35:20,2.3646139793235673e-13
2005-11-30 17:45:20,2.3684721552226704e-13
2005-11-30 17:55:20,2.334631930417448e-13
2005-11-30 18:05:20,2.297919247252844e-13
2005-11-30 18:15:20,2.272375893556282e-13
2005-11-30 18:25:20,2.278538327461479e-13
2005-11-30 18:35:20,2.3114024612618294e-13
2005-11-30 18:45:20,2.348811662991019e-13
2005-11-30 18:55:20,2.370408985206977e-13
2005-11-30 19:05:20,2.3661777618507313e-13
2005-11-30 19:15:20,2.335385119247877e-13
2005-11-30 19:25:20,2.345247632877443e-13
2005-11-30 19:35:20,2.371881850161754e-13
2005-11-30 19:45:20,2.3886986733828734e-13
2005-11-30 19:55:20,2.38959974150081e-13
2005-11-30 20:05:20,2.360679413969165e-13
2005-11-30 20:15:20,2.33557240466806e-13
2005-11-30 20:25:20,2.341251842453697e-13
2005-11-30 20:35:20,2.374666743533952e-13
2005-11-30 20:45:20,2.38752162133157e-13
2005-11-30 20:55:20,2.3855872915277536e-13
2005-11-30 21:05:20,2.3998202385667e-13
2005-11-30 21:15:20,2.4203745732673384e-13
2005-11-30 21:25:20,2.422852164658485e-13
2005-11-30 21:35:20,2.4461391686602e-13
2005-11-30 21:45:20,2.464016350162042e-13
2005-11-30 21:55:20,2.47361748167819e-13
2005-11-30 22:05:20,2.482342349637117e-13
2005-11-30 22:15:20,2.495236481494995e-13
2005-11-30 22:25:20,2.510329540557393e-13
2005-11-30 22:35:20,2.520721784325169e-13
2005-11-30 22:45:20,2.513172199956604e-13
2005-11-30 22:55:20,2.487026554129062e-13
2005-11-30 23:05:20,2.4750715609179893e-13
2005-11-30 23:15:20,2.4858167529885706e-13
2005-11-30 23:25:20,2.528822086783695e-13
2005-11-30 23:35:20,2.53420949680182e-13
2005-11-30 23:45:20,2.534511850567427e-13
2005-11-30 23:55:20,2.5715631833137273e-13
2005-12-01 00:05:20,2.587925448035391e-13
2005-12-01 00:15:20,2.594642727336164e-13
2005-12-01 00:25:20,2.588483879674344e-13
2005-12-01 00:35:20,2.5590910773994853e-13
2005-12-01 00:45:20,2.51373490117526e-13
2005-12-01 00:55:20,2.4773463497243685e-13
2005-12-01 01:05:20,2.4693205567525666e-13
2005-12-01 01:15:20,2.4983220213667383e-13
2005-12-01 01:25:20,2.507922617213832e-13
2005-12-01 01:35:20,2.471620882808474e-13
2005-12-01 01:45:20,2.43820625780326e-13
2005-12-01 01:55:20,2.4444903225831245e-13
2005-12-01 02:05:20,2.464013224428402e-13
2005-12-01 02:15:20,2.4868680182896666e-13
2005-12-01 02:25:20,2.462745210603461e-13
2005-12-01 02:35:20,2.451254310763184e-13
2005-12-01 02:45:20,2.460927276047109e-13
2005-12-01 02:55:20,2.458761980751925e-13
2005-12-01 03:05:20,2.496047798170263e-13
2005-12-01 03:15:20,2.53452911803242e-13
2005-12-01 03:25:20,2.540581675286293e-13
2005-12-01 03:35:20,2.554226409589732e-13
2005-12-01 03:45:20,2.563577904198093e-13
2005-12-01 03:55:20,2.5732266546214254e-13
2005-12-01 04:05:20,2.616661124504044e-13
2005-12-01 04:15:20,2.626062345692097e-13
2005-12-01 04:25:20,2.608878031103288e-13
2005-12-01 04:35:20,2.6011823829777844e-13
2005-12-01 04:45:20,2.604221324766228e-13
2005-12-01 04:55:20,2.625673793322456e-13
2005-12-01 05:05:20,2.639174626135004e-13
2005-12-01 05:15:20,2.6558114691039097e-13
2005-12-01 05:25:20,2.6769211817354786e-13
2005-12-01 05:35:20,2.672550883941683e-13
2005-12-01 05:45:20,2.63324177543739e-13
2005-12-01 05:55:20,2.617640627568163e-13
2005-12-01 06:05:20,2.626973279043433e-13
2005-12-01 06:15:20,2.6350051129742e-13
2005-12-01 06:25:20,2.6395852986195845e-13
2005-12-01 06:35:20,2.632563240166536e-13
2005-12-01 06:45:20,2.6244595542200255e-13
2005-12-01 06:55:20,2.637996191467876e-13
2005-12-01 07:05:20,2.639921366226158e-13
2005-12-01 07:15:20,2.6084174909491853e-13
2005-12-01 07:25:20,2.602339808496628e-13
2005-12-01 07:35:20,2.641174507118589e-13
2005-12-01 07:45:20,2.6869920082006663e-13
2005-12-01 07:55:20,2.708053725540156e-13
2005-12-01 08:05:20,2.7143670469518925e-13
2005-12-01 08:15:20,2.706869097813729e-13
2005-12-01 08:25:20,2.6914735163686866e-13
2005-12-01 08:35:20,2.66292749695766e-13
2005-12-01 08:45:20,2.6518638747990466e-13
2005-12-01 08:55:20,2.638079144973978e-13
2005-12-01 09:05:20,2.604565674188589e-13
2005-12-01 09:15:20,2.591677564078453e-13
2005-12-01 09:25:20,2.596714519824068e-13
2005-12-01 09:35:20,2.5932529955330336e-13
2005-12-01 09:45:20,2.600857773392263e-13
2005-12-01 09:55:20,2.62039440378849e-13
2005-12-01 10:05:20,2.633481685000339e-13
2005-12-01 10:15:20,2.648320146188344e-13
2005-12-01 10:25:20,2.685727510816228e-13
2005-12-01 10:35:20,2.682334951790233e-13
2005-12-01 10:45:20,2.6548562818772024e-13
2005-12-01 10:55:20,2.649620680838619e-13
2005-12-01 11:05:20,2.62922280807044e-13
2005-12-01 11:15:20,2.634004109958936e-13
2005-12-01 11:25:20,2.668424794546051e-13
2005-12-01 11:35:20,2.6615697203417574e-13
2005-12-01 11:45:20,2.60969952509309e-13
2005-12-01 11:55:20,2.587664202466108e-13
2005-12-01 12:05:20,2.6153807589777997e-13
2005-12-01 12:15:20,2.650385770853235e-13
2005-12-01 12:25:20,2.652904442201124e-13
2005-12-01 12:35:20,2.6312219693880953e-13
2005-12-01 12:45:20,2.6360528521342745e-13
2005-12-01 12:55:20,2.6400262267932337e-13
2005-12-01 13:05:20,2.638845843808583e-13
2005-12-01 13:15:20,2.6816304707756805e-13
2005-12-01 13:25:20,2.724014933858332e-13
2005-12-01 13:35:20,2.759220403268236e-13
2005-12-01 13:45:20,2.791135046928992e-13
2005-12-01 13:55:20,2.775065626802628e-13
2005-12-01 14:05:20,2.772603200953932e-13
2005-12-01 14:15:20,2.770731691937412e-13
2005-12-01 14:25:20,2.777220369535295e-13
2005-12-01 14:35:20,2.799312404690042e-13
2005-12-01 14:45:20,2.8136659921278805e-13
2005-12-01 14:55:20,2.836066239807317e-13
2005-12-01 15:05:20,2.8151303437721105e-13
2005-12-01 15:15:20,2.794454002818364e-13
2005-12-01 15:25:20,2.792784718651835e-13
2005-12-01 15:35:20,2.770254439734043e-13
2005-12-01 15:45:20,2.771718855940858e-13
2005-12-01 15:55:20,2.758767268113902e-13
2005-12-01 16:05:20,2.7346213389028534e-13
2005-12-01 16:15:20,2.7396896052769744e-13
2005-12-01 16:25:20,2.725852998068859e-13
2005-12-01 16:35:20,2.704710576150576e-13
2005-12-01 16:45:20,2.6730502710680923e-13
2005-12-01 16:55:20,2.6386936008569097e-13
2005-12-01 17:05:20,2.621914360483164e-13
2005-12-01 17:15:20,2.576373139611303e-13
2005-12-01 17:25:20,2.52614383140025e-13
2005-12-01 17:35:20,2.495616319728459e-13
2005-12-01 17:45:20,2.452197475709239e-13
2005-12-01 17:55:20,2.4444749889546695e-13
2005-12-01 18:05:20,2.4663437876846405e-13
2005-12-01 18:15:20,2.485743952995001e-13
2005-12-01 18:25:20,2.490916769256213e-13
2005-12-01 18:35:20,2.47892813823416e-13
2005-12-01 18:45:20,2.460188652151483e-13
2005-12-01 18:55:20,2.459694747888995e-13
2005-12-01 19:05:20,2.4759022974544923e-13
2005-12-01 19:15:20,2.481262242771813e-13
2005-12-01 19:25:20,2.471356638822859e-13
2005-12-01 19:35:20,2.457465848937949e-13
2005-12-01 19:45:20,2.443518844221967e-13
2005-12-01 19:55:20,2.446090081554616e-13
2005-12-01 20:05:20,2.4730711539337593e-13
2005-12-01 20:15:20,2.5044776673309924e-13
2005-12-01 20:25:20,2.53336656859674e-13
2005-12-01 20:35:20,2.560196173999596e-13
2005-12-01 20:45:20,2.597253029456248e-13
2005-12-01 20:55:20,2.616093968081712e-13
2005-12-01 21:05:20,2.5781173980252053e-13
2005-12-01 21:15:20,2.5487013043773285e-13
2005-12-01 21:25:20,2.560628693282496e-13
2005-12-01 21:35:20,2.582592504461076e-13
2005-12-01 21:45:20,2.5997736056683575e-13
2005-12-01 21:55:20,2.597110859176645e-13
2005-12-01 22:05:20,2.587264804297548e-13
2005-12-01 22:15:20,2.568685039318383e-13
2005-12-01 22:25:20,2.550698066064712e-13
2005-12-01 22:35:20,2.586743873191655e-13
2005-12-01 22:45:20,2.697934814279714e-13
2005-12-01 22:55:20,2.772007086435237e-13
2005-12-01 23:05:20,2.766258071399128e-13
2005-12-01 23:15:20,2.775180227394648e-13
2005-12-01 23:25:20,2.9076155282007585e-13
2005-12-01 23:35:20,3.033872836266793e-13
2005-12-01 23:45:20,3.0673135318875e-13
2005-12-01 23:55:20,3.059289123379969e-13
2005-12-02 00:05:20,3.057825823892049e-13
2005-12-02 00:15:20,3.052930866476785e-13
2005-12-02 00:25:20,3.057534263762968e-13
2005-12-02 00:35:20,3.0625362080311186e-13
2005-12-02 00:45:20,3.101942639898521e-13
2005-12-02 00:55:20,3.095964235548432e-13
2005-12-02 01:05:20,2.967136701526894e-13
2005-12-02 01:15:20,2.899175474570459e-13
2005-12-02 01:25:20,2.914847157908551e-13
2005-12-02 01:35:20,2.906713608011766e-13
2005-12-02 01:45:20,2.879655320623918e-13
2005-12-02 01:55:20,2.823036954620728e-13
2005-12-02 02:05:20,2.790218914138663e-13
2005-12-02 02:15:20,2.7902149554603894e-13
2005-12-02 02:25:20,2.78396367527426e-13
2005-12-02 02:35:20,2.756120779047761e-13
2005-12-02 02:45:20,2.727432769584176e-13
2005-12-02 02:55:20,2.721837896581839e-13
2005-12-02 03:05:20,2.741211129803331e-13
2005-12-02 03:15:20,2.749124113897797e-13
2005-12-02 03:25:20,2.7243017687394454e-13
2005-12-02 03:35:20,2.727254577726394e-13
2005-12-02 03:45:20,2.7374449961038054e-13
2005-12-02 03:55:20,2.750447031517557e-13
2005-12-02 04:05:20,2.7515108604581084e-13
2005-12-02 04:15:20,2.755720509523366e-13
2005-12-02 04:25:20,2.7771876066739614e-13
2005-12-02 04:35:20,2.7958189630981854e-13
2005-12-02 04:45:20,2.8331833370403883e-13
2005-12-02 04:55:20,2.900033028392233e-13
2005-12-02 05:05:20,2.925118418585383e-13
2005-12-02 05:15:20,2.886141747252014e-13
2005-12-02 05:25:20,2.854177304541952e-13
2005-12-02 05:35:20,2.878325956201537e-13
2005-12-02 05:45:20,2.914573974635075e-13
2005-12-02 05:55:20,2.908168577731821e-13
2005-12-02 06:05:20,2.898432270156951e-13
2005-12-02 06:15:20,2.8960975216065465e-13
2005-12-02 06:25:20,2.895481693574368e-13
2005-12-02 06:35:20,2.8994824717580535e-13
2005-12-02 06:45:20,2.894538402675553e-13
2005-12-02 06:55:20,2.90913281954306e-13
2005-12-02 07:05:20,2.9234159484915583e-13
2005-12-02 07:15:20,2.929308569314483e-13
2005-12-02 07:25:20,2.923318879179205e-13
2005-12-02 07:35:20,2.924444052217349e-13
2005-12-02 07:45:20,2.923066558451932e-13
2005-12-02 07:55:20,2.884630797420366e-13
2005-12-02 08:05:20,2.853019057893231e-13
2005-12-02 08:15:20,2.8412236697842617e-13
2005-12-02 08:25:20,2.822837737871846e-13
2005-12-02 08:35:20,2.812916873332174e-13
2005-12-02 08:45:20,2.8148273398378536e-13
2005-12-02 08:55:20,2.832722453215391e-13
2005-12-02 09:05:20,2.8395423938936997e-13
2005-12-02 09:15:20,2.826739885147488e-13
2005-12-02 09:25:20,2.822615984095555e-13
2005-12-02 09:35:20,2.776025984106674e-13
2005-12-02 09:45:20,2.745116607481438e-13
2005-12-02 09:55:20,2.75841065901576e-13
2005-12-02 10:05:20,2.7515093341871033e-13
2005-12-02 10:15:20,2.735240267986156e-13
2005-12-02 10:25:20,2.743310785348262e-13
2005-12-02 10:35:20,2.753182256983983e-13
2005-12-02 10:45:20,2.747515485504292e-13
2005-12-02 10:55:20,2.756384413985272e-13
2005-12-02 11:05:20,2.780512658140425e-13
2005-12-02 11:15:20,2.7828722352439297e-13
2005-12-02 11:25:20,2.764799736756073e-13
2005-12-02 11:35:20,2.770504368416308e-13
2005-12-02 11:45:20,2.775406357024206e-13
2005-12-02 11:55:20,2.786042858773987e-13
2005-12-02 12:05:20,2.795118364517383e-13
2005-12-02 12:15:20,2.804580472312902e-13
2005-12-02 12:25:20,2.811201283034104e-13
2005-12-02 12:35:20,2.8290669696651444e-13
2005-12-02 12:45:20,2.8882209239395974e-13
2005-12-02 12:55:20,2.9443248066157975e-13
2005-12-02 13:05:20,2.986557466355953e-13
2005-12-02 13:15:20,3.017587552189229e-13
2005-12-02 13:25:20,3.0188045223900205e-13
2005-12-02 13:35:20,2.9992411047067145e-13
2005-12-02 13:45:20,3.00576573442048e-13
2005-12-02 13:55:20,3.025784890822155e-13
2005-12-02 14:05:20,3.015252196948452e-13
2005-12-02 14:15:20,2.961803043646229e-13
2005-12-02 14:25:20,2.938966751165378e-13
2005-12-02 14:35:20,2.929398289257233e-13
2005-12-02 14:45:20,2.9008021314361193e-13
2005-12-02 14:55:20,2.868167538160064e-13
2005-12-02 15:05:20,2.831272344650342e-13
2005-12-02 15:15:20,2.801399853299824e-13
2005-12-02 15:25:20,2.805837055166877e-13
2005-12-02 15:35:20,2.826155926692825e-13
2005-12-02 15:45:20,2.833101665741797e-13
2005-12-02 15:55:20,2.839162875335789e-13
2005-12-02 16:05:20,2.835359209552713e-13
2005-12-02 16:15:20,2.813538500864839e-13
2005-12-02 16:25:20,2.789456790607035e-13
2005-12-02 16:35:20,2.788933938969107e-13
2005-12-02 16:45:20,2.7866927774177445e-13
2005-12-02 16:55:20,2.7542580706696664e-13
2005-12-02 17:05:20,2.715004211924477e-13
2005-12-02 17:15:20,2.7017675568151165e-13
2005-12-02 17:25:20,2.710571760299261e-13
2005-12-02 17:35:20,2.699350670337024e-13
2005-12-02 17:45:20,2.696170136018999e-13
2005-12-02 17:55:20,2.697291519175277e-13
2005-12-02 18:05:20,2.680576829742064e-13
2005-12-02 18:15:20,2.6686829106782226e-13
2005-12-02 18:25:20,2.659258576138784e-13
2005-12-02 18:35:20,2.650543996590698e-13
2005-12-02 18:45:20,2.632902903110049e-13
2005-12-02 18:55:20,2.618286766122112e-13
2005-12-02 19:05:20,2.6153970914288804e-13
2005-12-02 19:15:20,2.6308827237931613e-13
2005-12-02 19:25:20,2.644386338586097e-13
2005-12-02 19:35:20,2.661981347245528e-13
2005-12-02 19:45:20,2.666179878611891e-13
2005-12-02 19:55:20,2.6778830350734863e-13
2005-12-02 20:05:20,2.730074363717623e-13
2005-12-02 20:15:20,2.7759873973583524e-13
2005-12-02 20:25:20,2.7853028424529964e-13
2005-12-02 20:35:20,2.827404362132738e-13
2005-12-02 20:45:20,2.8673492412690924e-13
2005-12-02 20:55:20,2.868822301432216e-13
2005-12-02 21:05:20,2.886199039316251e-13
2005-12-02 21:15:20,2.9105241048237243e-13
2005-12-02 21:25:20,2.8841842105275323e-13
2005-12-02 21:35:20,2.854646994841805e-13
2005-12-02 21:45:20,2.8367817675448937e-13
2005-12-02 21:55:20,2.825961899480344e-13
2005-12-02 22:05:20,2.800325228781833e-13
2005-12-02 22:15:20,2.753679923518825e-13
2005-12-02 22:25:20,2.7503413367747253e-13
2005-12-02 22:35:20,2.7592400116608054e-13
2005-12-02 22:45:20,2.761817850417248e-13
2005-12-02 22:55:20,2.777493340764243e-13
2005-12-02 23:05:20,2.80198333833332e-13
2005-12-02 23:15:20,2.806991619788723e-13
2005-12-02 23:25:20,2.78840938500135e-13
2005-12-02 23:35:20,2.774110286204106e-13
2005-12-02 23:45:20,2.770927109563456e-13
2005-12-02 23:55:20,2.789215310000959e-13
2005-12-03 00:05:20,2.807557819237058e-13
2005-12-03 00:15:20,2.810200907867796e-13
2005-12-03 00:25:20,2.822517048462173e-13
2005-12-03 00:35:20,2.8296889057018976e-13
2005-12-03 00:45:20,2.82795092077918e-13
2005-12-03 00:55:20,2.835127239816192e-13
2005-12-03 01:05:20,2.842119730155873e-13
2005-12-03 01:15:20,2.884228643947121e-13
2005-12-03 01:25:20,2.899726753869353e-13
2005-12-03 01:35:20,2.872448572549945e-13
2005-12-03 01:45:20,2.8584450561714816e-13
2005-12-03 01:55:20,2.881600297077623e-13
2005-12-03 02:05:20,2.917023331942001e-13
2005-12-03 02:15:20,9.99e+32
2005-12-03 02:25:20,9.99e+32
2005-12-03 02:35:20,9.99e+32
2005-12-03 02:45:20,9.99e+32
2005-12-03 02:55:20,9.99e+32
2005-12-03 03:05:20,9.99e+32
2005-12-03 03:15:20,9.99e+32
2005-12-03 03:25:20,9.99e+32
2005-12-03 03:35:20,9.99e+32
2005-12-03 03:45:20,9.99e+32
2005-12-03 03:55:20,9.99e+32
2005-12-03 04:05:20,9.99e+32
2005-12-03 04:15:20,9.99e+32
2005-12-03 04:25:20,9.99e+32
2005-12-03 04:35:20,9.99e+32
2005-12-03 04:45:20,9.99e+32
2005-12-03 04:55:20,9.99e+32
2005-12-03 05:05:20,2.899705370005858e-13
2005-12-03 05:15:20,9.99e+32
2005-12-03 05:25:20,9.99e+32
2005-12-03 05:35:20,9.99e+32
2005-12-03 05:45:20,9.99e+32
2005-12-03 05:55:20,9.99e+32
2005-12-03 06:05:20,9.99e+32
2005-12-03 06:15:20,9.99e+32
2005-12-03 06:25:20,9.99e+32
2005-12-03 06:35:20,9.99e+32
2005-12-03 06:45:20,9.99e+32
2005-12-03 06:55:20,9.99e+32
2005-12-03 07:05:20,9.99e+32
2005-12-03 07:15:20,9.99e+32
2005-12-03 07:25:20,9.99e+32
2005-12-03 07:35:20,9.99e+32
2005-12-03 07:45:20,9.99e+32
2005-12-03 07:55:20,9.99e+32
2005-12-03 08:05:20,9.99e+32
2005-12-03 08:15:20,9.99e+32
2005-12-03 08:25:20,9.99e+32
2005-12-03 08:35:20,9.99e+32
2005-12-03 08:45:20,9.99e+32
2005-12-03 08:55:20,9.99e+32
2005-12-03 09:05:20,9.99e+32
2005-12-03 09:15:20,9.99e+32
2005-12-03 09:25:20,9.99e+32
2005-12-03 09:35:20,9.99e+32
2005-12-03 09:45:20,9.99e+32
2005-12-03 09:55:20,2.797010270250808e-13
2005-12-03 10:05:20,2.8039787058643813e-13
2005-12-03 10:15:20,2.7978679437070946e-13
2005-12-03 10:25:20,2.800725272094692e-13
2005-12-03 10:35:20,2.800136940432679e-13
2005-12-03 10:45:20,2.779463870327971e-13
2005-12-03 10:55:20,2.775905238325594e-13
2005-12-03 11:05:20,2.777702559088989e-13
2005-12-03 11:15:20,2.7622366211334537e-13
2005-12-03 11:25:20,2.74980100356697e-13
2005-12-03 11:35:20,2.737006564168233e-13
2005-12-03 11:45:20,2.739988450883113e-13
2005-12-03 11:55:20,2.76907999924903e-13
2005-12-03 12:05:20,2.7829947489042304e-13
2005-12-03 12:15:20,2.751241598064628e-13
2005-12-03 12:25:20,2.73103505966233e-13
2005-12-03 12:35:20,2.739816716778692e-13
2005-12-03 12:45:20,2.752094535890233e-13
2005-12-03 12:55:20,2.749915925100067e-13
2005-12-03 13:05:20,2.73246915390397e-13
2005-12-03 13:15:20,2.7292347790718104e-13
2005-12-03 13:25:20,2.7266973927962066e-13
2005-12-03 13:35:20,2.7154957502083264e-13
2005-12-03 13:45:20,2.720108752744585e-13
2005-12-03 13:55:20,2.730834533595367e-13
2005-12-03 14:05:20,2.715357920576175e-13
2005-12-03 14:15:20,2.699789792867624e-13
2005-12-03 14:25:20,2.71110589507692e-13
